idna_subject,checker_type,destination,source,tested_at,session_id
akcr.free.fr,AVAILABILITY,origin.list,origin.list,2001-04-21 04:34:08.921534,4168e02bb534b5e4be4b6482
akita.kz,AVAILABILITY,origin.list,origin.list,2001-04-21 04:34:08.928122,4168e02bb534b5e4be4b6482
akku.mondo.trium.mitsubishi.sms13.de,AVAILABILITY,origin.list,origin.list,2001-04-21 04:34:08.934510,4168e02bb534b5e4be4b6482
aksao.com,AVAILABILITY,origin.list,origin.list,2001-04-21 04:34:08.941107,4168e02bb534b5e4be4b6482
aksonural.ru,AVAILABILITY,origin.list,origin.list,2001-04-21 04:34:08.947877,4168e02bb534b5e4be4b6482
aktivator-windows10.blogspot.com,AVAILABILITY,origin.list,origin.list,2001-04-21 04:34:08.954904,4168e02bb534b5e4be4b6482
akuhni.by,AVAILABILITY,origin.list,origin.list,2001-04-21 04:34:08.961548,4168e02bb534b5e4be4b6482
akusherok.ru,AVAILABILITY,origin.list,origin.list,2001-04-21 04:34:08.968400,4168e02bb534b5e4be4b6482
alabamabackpage.com,AVAILABILITY,origin.list,origin.list,2001-04-21 04:34:08.975330,4168e02bb534b5e4be4b6482
alamosupply.com,AVAILABILITY,origin.list,origin.list,2001-04-21 04:34:08.982170,4168e02bb534b5e4be4b6482
alamuk.com,AVAILABILITY,origin.list,origin.list,2001-04-21 04:34:08.989014,4168e02bb534b5e4be4b6482
alanstrack.com,AVAILABILITY,origin.list,origin.list,2001-04-21 04:34:08.995757,4168e02bb534b5e4be4b6482
alarash.com,AVAILABILITY,origin.list,origin.list,2001-04-21 04:34:09.002776,4168e02bb534b5e4be4b6482
alarmobninsk.ru,AVAILABILITY,origin.list,origin.list,2001-04-21 04:34:09.009668,4168e02bb534b5e4be4b6482
albamargroup.com,AVAILABILITY,origin.list,origin.list,2001-04-21 04:34:09.016557,4168e02bb534b5e4be4b6482
albanypowerexchange.com,AVAILABILITY,origin.list,origin.list,2001-04-21 04:34:09.024411,4168e02bb534b5e4be4b6482
albaphotos.free.fr,AVAILABILITY,origin.list,origin.list,2001-04-21 04:34:09.031507,4168e02bb534b5e4be4b6482
alberguecasaanita.com,AVAILABILITY,origin.list,origin.list,2001-04-21 04:34:09.038692,4168e02bb534b5e4be4b6482
alblux.com,AVAILABILITY,origin.list,origin.list,2001-04-21 04:34:09.045634,4168e02bb534b5e4be4b6482
alboautotrasportatori.it,AVAILABILITY,origin.list,origin.list,2001-04-21 04:34:09.052744,4168e02bb534b5e4be4b6482
aldik.com,AVAILABILITY,origin.list,origin.list,2001-04-21 04:34:09.059789,4168e02bb534b5e4be4b6482
aldo061.free.fr,AVAILABILITY,origin.list,origin.list,2001-04-21 04:34:09.066958,4168e02bb534b5e4be4b6482
aldo063.free.fr,AVAILABILITY,origin.list,origin.list,2001-04-21 04:34:09.074439,4168e02bb534b5e4be4b6482
alessandraleone.com,AVAILABILITY,origin.list,origin.list,2001-04-21 04:34:09.081677,4168e02bb534b5e4be4b6482
alexandria-locksmithservice.com,AVAILABILITY,origin.list,origin.list,2001-04-21 04:34:09.088663,4168e02bb534b5e4be4b6482
alexianer-service.de,AVAILABILITY,origin.list,origin.list,2001-04-21 04:34:09.095283,4168e02bb534b5e4be4b6482
alexine.net,AVAILABILITY,origin.list,origin.list,2001-04-21 04:34:09.102185,4168e02bb534b5e4be4b6482
alexxxxpages.info,AVAILABILITY,origin.list,origin.list,2001-04-21 04:34:09.109487,4168e02bb534b5e4be4b6482
alfa9.com,AVAILABILITY,origin.list,origin.list,2001-04-21 04:34:09.116618,4168e02bb534b5e4be4b6482
alfa-img.com,AVAILABILITY,origin.list,origin.list,2001-04-21 04:34:09.123678,4168e02bb534b5e4be4b6482
alfalakgifts.com,AVAILABILITY,origin.list,origin.list,2001-04-21 04:34:09.130665,4168e02bb534b5e4be4b6482
alfa-medosmotr.ru,AVAILABILITY,origin.list,origin.list,2001-04-21 04:34:09.138150,4168e02bb534b5e4be4b6482
alfapro.ru,AVAILABILITY,origin.list,origin.list,2001-04-21 04:34:09.145287,4168e02bb534b5e4be4b6482
alfa-search.com,AVAILABILITY,origin.list,origin.list,2001-04-21 04:34:09.152605,4168e02bb534b5e4be4b6482
alf-img.com,AVAILABILITY,origin.list,origin.list,2001-04-21 04:34:09.159837,4168e02bb534b5e4be4b6482
algerianembassy.co.in,AVAILABILITY,origin.list,origin.list,2001-04-21 04:34:09.166864,4168e02bb534b5e4be4b6482
algodon.net,AVAILABILITY,origin.list,origin.list,2001-04-21 04:34:09.173868,4168e02bb534b5e4be4b6482
alibestsale.com,AVAILABILITY,origin.list,origin.list,2001-04-21 04:34:09.181345,4168e02bb534b5e4be4b6482
alice20.free.fr,AVAILABILITY,origin.list,origin.list,2001-04-21 04:34:09.188738,4168e02bb534b5e4be4b6482
aliciatrans.free.fr,AVAILABILITY,origin.list,origin.list,2001-04-21 04:34:09.196262,4168e02bb534b5e4be4b6482
aliclonepro.xyz,AVAILABILITY,origin.list,origin.list,2001-04-21 04:34:09.204343,4168e02bb534b5e4be4b6482
aliecspres.com,AVAILABILITY,origin.list,origin.list,2001-04-21 04:34:09.211984,4168e02bb534b5e4be4b6482
alif-ba-ta.com,AVAILABILITY,origin.list,origin.list,2001-04-21 04:34:09.219786,4168e02bb534b5e4be4b6482
alini.de,AVAILABILITY,origin.list,origin.list,2001-04-21 04:34:09.227057,4168e02bb534b5e4be4b6482
alirey.com,AVAILABILITY,origin.list,origin.list,2001-04-21 04:34:09.234263,4168e02bb534b5e4be4b6482
alisatilsner.com,AVAILABILITY,origin.list,origin.list,2001-04-21 04:34:09.242591,4168e02bb534b5e4be4b6482
alive-ua.com,AVAILABILITY,origin.list,origin.list,2001-04-21 04:34:09.250004,4168e02bb534b5e4be4b6482
alizedusud.free.fr,AVAILABILITY,origin.list,origin.list,2001-04-21 04:34:09.257509,4168e02bb534b5e4be4b6482
aljassarengineering.com,AVAILABILITY,origin.list,origin.list,2001-04-21 04:34:09.265036,4168e02bb534b5e4be4b6482
all4invest.info,AVAILABILITY,origin.list,origin.list,2001-04-21 04:34:09.272662,4168e02bb534b5e4be4b6482
all4wap.ru,AVAILABILITY,origin.list,origin.list,2001-04-21 04:34:09.281413,4168e02bb534b5e4be4b6482
all.alisatilsner.com,AVAILABILITY,origin.list,origin.list,2001-04-21 04:34:09.289024,4168e02bb534b5e4be4b6482
allamericanmadetoys.com,AVAILABILITY,origin.list,origin.list,2001-04-21 04:34:09.296467,4168e02bb534b5e4be4b6482
allanimehentai.com,AVAILABILITY,origin.list,origin.list,2001-04-21 04:34:09.304087,4168e02bb534b5e4be4b6482
allboard.xobor.de,AVAILABILITY,origin.list,origin.list,2001-04-21 04:34:09.311861,4168e02bb534b5e4be4b6482
allcredits.su,AVAILABILITY,origin.list,origin.list,2001-04-21 04:34:09.319736,4168e02bb534b5e4be4b6482
allergiques.com,AVAILABILITY,origin.list,origin.list,2001-04-21 04:34:09.327135,4168e02bb534b5e4be4b6482
allergycenter.info,AVAILABILITY,origin.list,origin.list,2001-04-21 04:34:09.334281,4168e02bb534b5e4be4b6482
alleron.andree.free.fr,AVAILABILITY,origin.list,origin.list,2001-04-21 04:34:09.342050,4168e02bb534b5e4be4b6482
allornamenti.com,AVAILABILITY,origin.list,origin.list,2001-04-21 04:34:09.349531,4168e02bb534b5e4be4b6482
allo-sexe.com,AVAILABILITY,origin.list,origin.list,2001-04-21 04:34:09.357076,4168e02bb534b5e4be4b6482
alloysteel.ru,AVAILABILITY,origin.list,origin.list,2001-04-21 04:34:09.364888,4168e02bb534b5e4be4b6482
allpdfmags.net,AVAILABILITY,origin.list,origin.list,2001-04-21 04:34:09.372702,4168e02bb534b5e4be4b6482
allpornauditions.com,AVAILABILITY,origin.list,origin.list,2001-04-21 04:34:09.380871,4168e02bb534b5e4be4b6482
amateurs-cam.0my.net,AVAILABILITY,origin.list,origin.list,2001-04-21 04:34:09.388670,4168e02bb534b5e4be4b6482
amateursconvert.com,AVAILABILITY,origin.list,origin.list,2001-04-21 04:34:09.397314,4168e02bb534b5e4be4b6482
amateursexdvd.com,AVAILABILITY,origin.list,origin.list,2001-04-21 04:34:09.406719,4168e02bb534b5e4be4b6482
amateursexplace.com,AVAILABILITY,origin.list,origin.list,2001-04-21 04:34:09.415384,4168e02bb534b5e4be4b6482
amateurs.jerkr.com,AVAILABILITY,origin.list,origin.list,2001-04-21 04:34:09.423482,4168e02bb534b5e4be4b6482
amateurspain.com,AVAILABILITY,origin.list,origin.list,2001-04-21 04:34:09.431405,4168e02bb534b5e4be4b6482
amateurtour.biz,AVAILABILITY,origin.list,origin.list,2001-04-21 04:34:09.439617,4168e02bb534b5e4be4b6482
amateurwifevids.com,AVAILABILITY,origin.list,origin.list,2001-04-21 04:34:09.447930,4168e02bb534b5e4be4b6482
amatrice-partouzeuse.com,AVAILABILITY,origin.list,origin.list,2001-04-21 04:34:09.456440,4168e02bb534b5e4be4b6482
amatrices-sexy.fr,AVAILABILITY,origin.list,origin.list,2001-04-21 04:34:09.464720,4168e02bb534b5e4be4b6482
amatrixe.free.fr,AVAILABILITY,origin.list,origin.list,2001-04-21 04:34:09.472678,4168e02bb534b5e4be4b6482
amatvideo.free.fr,AVAILABILITY,origin.list,origin.list,2001-04-21 04:34:09.482922,4168e02bb534b5e4be4b6482
amospalla.es,AVAILABILITY,origin.list,origin.list,2001-04-21 04:34:09.492785,4168e02bb534b5e4be4b6482
ampower.me,AVAILABILITY,origin.list,origin.list,2001-04-21 04:34:09.501241,4168e02bb534b5e4be4b6482
amt-k.ru,AVAILABILITY,origin.list,origin.list,2001-04-21 04:34:09.509215,4168e02bb534b5e4be4b6482
amung.us,AVAILABILITY,origin.list,origin.list,2001-04-21 04:34:09.517554,4168e02bb534b5e4be4b6482
amwatching.com,AVAILABILITY,origin.list,origin.list,2001-04-21 04:34:09.525483,4168e02bb534b5e4be4b6482
anal-acrobats.com,AVAILABILITY,origin.list,origin.list,2001-04-21 04:34:09.534391,4168e02bb534b5e4be4b6482
analcreampie.net,AVAILABILITY,origin.list,origin.list,2001-04-21 04:34:09.542327,4168e02bb534b5e4be4b6482
anal.cx,AVAILABILITY,origin.list,origin.list,2001-04-21 04:34:09.550438,4168e02bb534b5e4be4b6482
analdude.com,AVAILABILITY,origin.list,origin.list,2001-04-21 04:34:09.559703,4168e02bb534b5e4be4b6482
anale-seks.nl,AVAILABILITY,origin.list,origin.list,2001-04-21 04:34:09.567774,4168e02bb534b5e4be4b6482
anale-sex.nl,AVAILABILITY,origin.list,origin.list,2001-04-21 04:34:09.575802,4168e02bb534b5e4be4b6482
anal-et-sodomie.com,AVAILABILITY,origin.list,origin.list,2001-04-21 04:34:09.584950,4168e02bb534b5e4be4b6482
anal-love.net,AVAILABILITY,origin.list,origin.list,2001-04-21 04:34:09.593036,4168e02bb534b5e4be4b6482
analog.cell.phone.service.sms13.de,AVAILABILITY,origin.list,origin.list,2001-04-21 04:34:09.602641,4168e02bb534b5e4be4b6482
analog.sms13.de,AVAILABILITY,origin.list,origin.list,2001-04-21 04:34:09.612204,4168e02bb534b5e4be4b6482
analpics.net,AVAILABILITY,origin.list,origin.list,2001-04-21 04:34:09.620458,4168e02bb534b5e4be4b6482
anal-pictures.biz,AVAILABILITY,origin.list,origin.list,2001-04-21 04:34:09.629707,4168e02bb534b5e4be4b6482
analsexphoto.yourfreesites.com,AVAILABILITY,origin.list,origin.list,2001-04-21 04:34:09.637928,4168e02bb534b5e4be4b6482
anal-videos-photos.com,AVAILABILITY,origin.list,origin.list,2001-04-21 04:34:09.646295,4168e02bb534b5e4be4b6482
ananashotel.com,AVAILABILITY,origin.list,origin.list,2001-04-21 04:34:09.654549,4168e02bb534b5e4be4b6482
anatomytrains.co.uk,AVAILABILITY,origin.list,origin.list,2001-04-21 04:34:09.663732,4168e02bb534b5e4be4b6482
anbstudios.com,AVAILABILITY,origin.list,origin.list,2001-04-21 04:34:09.672203,4168e02bb534b5e4be4b6482
anchorwheelmotel.com.au,AVAILABILITY,origin.list,origin.list,2001-04-21 04:34:09.680838,4168e02bb534b5e4be4b6482
andersondiamonds.com,AVAILABILITY,origin.list,origin.list,2001-04-21 04:34:09.689157,4168e02bb534b5e4be4b6482
an-donut.com,AVAILABILITY,origin.list,origin.list,2001-04-21 04:34:09.698226,4168e02bb534b5e4be4b6482
andrewrobertsllc.info,AVAILABILITY,origin.list,origin.list,2001-04-21 04:34:09.706783,4168e02bb534b5e4be4b6482
android-style.com,AVAILABILITY,origin.list,origin.list,2001-04-21 04:34:09.715492,4168e02bb534b5e4be4b6482
anduongjsc.com,AVAILABILITY,origin.list,origin.list,2001-04-21 04:34:09.723719,4168e02bb534b5e4be4b6482
andydill.com,AVAILABILITY,origin.list,origin.list,2001-04-21 04:34:09.731967,4168e02bb534b5e4be4b6482
anews.cc,AVAILABILITY,origin.list,origin.list,2001-04-21 04:34:09.740869,4168e02bb534b5e4be4b6482
anewyoufitness.com,AVAILABILITY,origin.list,origin.list,2001-04-21 04:34:09.749026,4168e02bb534b5e4be4b6482
angelalittle.net,AVAILABILITY,origin.list,origin.list,2001-04-21 04:34:09.757413,4168e02bb534b5e4be4b6482
angelas-place.com,AVAILABILITY,origin.list,origin.list,2001-04-21 04:34:09.766027,4168e02bb534b5e4be4b6482
angelbetting.com,AVAILABILITY,origin.list,origin.list,2001-04-21 04:34:09.774526,4168e02bb534b5e4be4b6482
angelinfo.com,AVAILABILITY,origin.list,origin.list,2001-04-21 04:34:09.783108,4168e02bb534b5e4be4b6482
angelinna.free.fr,AVAILABILITY,origin.list,origin.list,2001-04-21 04:34:09.791721,4168e02bb534b5e4be4b6482
animadulte.com,AVAILABILITY,origin.list,origin.list,2001-04-21 04:34:09.800323,4168e02bb534b5e4be4b6482
animal36.com,AVAILABILITY,origin.list,origin.list,2001-04-21 04:34:09.808858,4168e02bb534b5e4be4b6482
animalcum.net,AVAILABILITY,origin.list,origin.list,2001-04-21 04:34:09.818481,4168e02bb534b5e4be4b6482
animal-drawings.com,AVAILABILITY,origin.list,origin.list,2001-04-21 04:34:09.827284,4168e02bb534b5e4be4b6482
anolysis.privacy.cliqz.com,AVAILABILITY,origin.list,origin.list,2001-04-21 04:34:09.835971,4168e02bb534b5e4be4b6482
antcompany.com,AVAILABILITY,origin.list,origin.list,2001-04-21 04:34:09.844871,4168e02bb534b5e4be4b6482
anticodistretto.com,AVAILABILITY,origin.list,origin.list,2001-04-21 04:34:09.853582,4168e02bb534b5e4be4b6482
anticosm.com,AVAILABILITY,origin.list,origin.list,2001-04-21 04:34:09.862141,4168e02bb534b5e4be4b6482
antifa.co.at,AVAILABILITY,origin.list,origin.list,2001-04-21 04:34:09.870759,4168e02bb534b5e4be4b6482
apepix.com,AVAILABILITY,origin.list,origin.list,2001-04-21 04:34:09.879507,4168e02bb534b5e4be4b6482
aphrodisia01.free.fr,AVAILABILITY,origin.list,origin.list,2001-04-21 04:34:09.888289,4168e02bb534b5e4be4b6482
appyaviator.com,AVAILABILITY,origin.list,origin.list,2001-04-21 04:34:09.897265,4168e02bb534b5e4be4b6482
ashlynnbrookevideos.com,AVAILABILITY,origin.list,origin.list,2001-04-21 04:34:09.907188,4168e02bb534b5e4be4b6482
aviodg.eu,AVAILABILITY,origin.list,origin.list,2001-04-21 04:34:09.916568,4168e02bb534b5e4be4b6482
avitocars.ru,AVAILABILITY,origin.list,origin.list,2001-04-21 04:34:09.925862,4168e02bb534b5e4be4b6482
avixxx.com,AVAILABILITY,origin.list,origin.list,2001-04-21 04:34:09.934484,4168e02bb534b5e4be4b6482
avkzarabotok.info,AVAILABILITY,origin.list,origin.list,2001-04-21 04:34:09.943608,4168e02bb534b5e4be4b6482
avoidaroid.com,AVAILABILITY,origin.list,origin.list,2001-04-21 04:34:09.952469,4168e02bb534b5e4be4b6482
avoidfilter.net,AVAILABILITY,origin.list,origin.list,2001-04-21 04:34:09.961213,4168e02bb534b5e4be4b6482
avon-severozapad.ru,AVAILABILITY,origin.list,origin.list,2001-04-21 04:34:09.969873,4168e02bb534b5e4be4b6482
avon-ukraine.com,AVAILABILITY,origin.list,origin.list,2001-04-21 04:34:09.978429,4168e02bb534b5e4be4b6482
avpayments.com,AVAILABILITY,origin.list,origin.list,2001-04-21 04:34:09.987606,4168e02bb534b5e4be4b6482
avramstroy.ru,AVAILABILITY,origin.list,origin.list,2001-04-21 04:34:09.995994,4168e02bb534b5e4be4b6482
ayerbo.xhost.ro,AVAILABILITY,origin.list,origin.list,2001-04-21 04:34:10.005562,4168e02bb534b5e4be4b6482
babsy.foreverhorny.com,AVAILABILITY,origin.list,origin.list,2001-04-21 04:34:10.014728,4168e02bb534b5e4be4b6482
babylyst.com,AVAILABILITY,origin.list,origin.list,2001-04-21 04:34:10.024204,4168e02bb534b5e4be4b6482
babywantsbling.com,AVAILABILITY,origin.list,origin.list,2001-04-21 04:34:10.032938,4168e02bb534b5e4be4b6482
bacanal.cl,AVAILABILITY,origin.list,origin.list,2001-04-21 04:34:10.042856,4168e02bb534b5e4be4b6482
backalleyblowjobs.com,AVAILABILITY,origin.list,origin.list,2001-04-21 04:34:10.052273,4168e02bb534b5e4be4b6482
back.dog,AVAILABILITY,origin.list,origin.list,2001-04-21 04:34:10.062674,4168e02bb534b5e4be4b6482
backdoor.thumblogger.com,AVAILABILITY,origin.list,origin.list,2001-04-21 04:34:10.071753,4168e02bb534b5e4be4b6482
backgroundpictures.net,AVAILABILITY,origin.list,origin.list,2001-04-21 04:34:10.081271,4168e02bb534b5e4be4b6482
backlink4u.net,AVAILABILITY,origin.list,origin.list,2001-04-21 04:34:10.089926,4168e02bb534b5e4be4b6482
backlinkwatch.com,AVAILABILITY,origin.list,origin.list,2001-04-21 04:34:10.099072,4168e02bb534b5e4be4b6482
backofficellc.com,AVAILABILITY,origin.list,origin.list,2001-04-21 04:34:10.108219,4168e02bb534b5e4be4b6482
backpaininstantrelief.com,AVAILABILITY,origin.list,origin.list,2001-04-21 04:34:10.117468,4168e02bb534b5e4be4b6482
backuperwebcam.weebly.com,AVAILABILITY,origin.list,origin.list,2001-04-21 04:34:10.127061,4168e02bb534b5e4be4b6482
backvids.com,AVAILABILITY,origin.list,origin.list,2001-04-21 04:34:10.136112,4168e02bb534b5e4be4b6482
bag.mobile.system.video.sms13.de,AVAILABILITY,origin.list,origin.list,2001-04-21 04:34:10.145349,4168e02bb534b5e4be4b6482
bagsonsale.online,AVAILABILITY,origin.list,origin.list,2001-04-21 04:34:10.154471,4168e02bb534b5e4be4b6482
beamfall.info,AVAILABILITY,origin.list,origin.list,2001-04-21 04:34:10.163666,4168e02bb534b5e4be4b6482
cialisforsalecialiscostcye.com,AVAILABILITY,origin.list,origin.list,2001-04-21 04:34:10.172932,4168e02bb534b5e4be4b6482
cialismed.com,AVAILABILITY,origin.list,origin.list,2001-04-21 04:34:10.185731,4168e02bb534b5e4be4b6482
cialiswithoutadoctor.net,AVAILABILITY,origin.list,origin.list,2001-04-21 04:34:10.194784,4168e02bb534b5e4be4b6482
cibersexo.eu,AVAILABILITY,origin.list,origin.list,2001-04-21 04:34:10.203953,4168e02bb534b5e4be4b6482
ciceklioglu.com,AVAILABILITY,origin.list,origin.list,2001-04-21 04:34:10.213991,4168e02bb534b5e4be4b6482
ciel7.free.fr,AVAILABILITY,origin.list,origin.list,2001-04-21 04:34:10.223383,4168e02bb534b5e4be4b6482
cienum.fr,AVAILABILITY,origin.list,origin.list,2001-04-21 04:34:10.232822,4168e02bb534b5e4be4b6482
cif.su,AVAILABILITY,origin.list,origin.list,2001-04-21 04:34:10.242054,4168e02bb534b5e4be4b6482
cigarette-online.com,AVAILABILITY,origin.list,origin.list,2001-04-21 04:34:10.251523,4168e02bb534b5e4be4b6482
cigar.pt,AVAILABILITY,origin.list,origin.list,2001-04-21 04:34:10.260710,4168e02bb534b5e4be4b6482
cindyintim.de,AVAILABILITY,origin.list,origin.list,2001-04-21 04:34:10.270085,4168e02bb534b5e4be4b6482
cinedaily.com,AVAILABILITY,origin.list,origin.list,2001-04-21 04:34:10.280005,4168e02bb534b5e4be4b6482
cineface.com,AVAILABILITY,origin.list,origin.list,2001-04-21 04:34:10.290766,4168e02bb534b5e4be4b6482
cinema3satu.com,AVAILABILITY,origin.list,origin.list,2001-04-21 04:34:10.300007,4168e02bb534b5e4be4b6482
cinemabio.com,AVAILABILITY,origin.list,origin.list,2001-04-21 04:34:10.310017,4168e02bb534b5e4be4b6482
cinematraffic.com,AVAILABILITY,origin.list,origin.list,2001-04-21 04:34:10.319238,4168e02bb534b5e4be4b6482
cinepornox.com,AVAILABILITY,origin.list,origin.list,2001-04-21 04:34:10.329249,4168e02bb534b5e4be4b6482
cinepro.com,AVAILABILITY,origin.list,origin.list,2001-04-21 04:34:10.339233,4168e02bb534b5e4be4b6482
cingualr.com,AVAILABILITY,origin.list,origin.list,2001-04-21 04:34:10.348585,4168e02bb534b5e4be4b6482
collector-hpn.cliqz.com,AVAILABILITY,origin.list,origin.list,2001-04-21 04:34:10.357929,4168e02bb534b5e4be4b6482
collector.hpn.cliqz.com,AVAILABILITY,origin.list,origin.list,2001-04-21 04:34:10.367465,4168e02bb534b5e4be4b6482
communisave.co.za,AVAILABILITY,origin.list,origin.list,2001-04-21 04:34:10.376962,4168e02bb534b5e4be4b6482
community.allhiphop.com,AVAILABILITY,origin.list,origin.list,2001-04-21 04:34:10.386550,4168e02bb534b5e4be4b6482
communitypetclinicmanteca.com,AVAILABILITY,origin.list,origin.list,2001-04-21 04:34:10.396202,4168e02bb534b5e4be4b6482
companies-catalog.com,AVAILABILITY,origin.list,origin.list,2001-04-21 04:34:10.405674,4168e02bb534b5e4be4b6482
company.com.ph,AVAILABILITY,origin.list,origin.list,2001-04-21 04:34:10.415121,4168e02bb534b5e4be4b6482
compassenergyservices.com,AVAILABILITY,origin.list,origin.list,2001-04-21 04:34:10.424624,4168e02bb534b5e4be4b6482
compitte.com,AVAILABILITY,origin.list,origin.list,2001-04-21 04:34:10.434152,4168e02bb534b5e4be4b6482
compositefarming.com,AVAILABILITY,origin.list,origin.list,2001-04-21 04:34:10.445242,4168e02bb534b5e4be4b6482
comprafacil.com.br,AVAILABILITY,origin.list,origin.list,2001-04-21 04:34:10.456816,4168e02bb534b5e4be4b6482
compucelunlock.net,AVAILABILITY,origin.list,origin.list,2001-04-21 04:34:10.468010,4168e02bb534b5e4be4b6482
computernetworksonline.com,AVAILABILITY,origin.list,origin.list,2001-04-21 04:34:10.479020,4168e02bb534b5e4be4b6482
com-reports.com,AVAILABILITY,origin.list,origin.list,2001-04-21 04:34:10.490546,4168e02bb534b5e4be4b6482
comsalud360.com,AVAILABILITY,origin.list,origin.list,2001-04-21 04:34:10.500308,4168e02bb534b5e4be4b6482
comsprague.com,AVAILABILITY,origin.list,origin.list,2001-04-21 04:34:10.509986,4168e02bb534b5e4be4b6482
comsysnet.com,AVAILABILITY,origin.list,origin.list,2001-04-21 04:34:10.523339,4168e02bb534b5e4be4b6482
constructionskills.in,AVAILABILITY,origin.list,origin.list,2001-04-21 04:34:10.533373,4168e02bb534b5e4be4b6482
construfuturo.com.mx,AVAILABILITY,origin.list,origin.list,2001-04-21 04:34:10.543067,4168e02bb534b5e4be4b6482
construmac.com.mx,AVAILABILITY,origin.list,origin.list,2001-04-21 04:34:10.553284,4168e02bb534b5e4be4b6482
consultant-online.ru,AVAILABILITY,origin.list,origin.list,2001-04-21 04:34:10.563304,4168e02bb534b5e4be4b6482
contactos-gay.com,AVAILABILITY,origin.list,origin.list,2001-04-21 04:34:10.573470,4168e02bb534b5e4be4b6482
content.joinaxxess.com,AVAILABILITY,origin.list,origin.list,2001-04-21 04:34:10.583428,4168e02bb534b5e4be4b6482
content.seerealgirls.com,AVAILABILITY,origin.list,origin.list,2001-04-21 04:34:10.593378,4168e02bb534b5e4be4b6482
contextualyield.com,AVAILABILITY,origin.list,origin.list,2001-04-21 04:34:10.603192,4168e02bb534b5e4be4b6482
controlsecurity.net,AVAILABILITY,origin.list,origin.list,2001-04-21 04:34:10.613286,4168e02bb534b5e4be4b6482
convertwordtoexcel.com,AVAILABILITY,origin.list,origin.list,2001-04-21 04:34:10.623716,4168e02bb534b5e4be4b6482
coocomall.com,AVAILABILITY,origin.list,origin.list,2001-04-21 04:34:10.634780,4168e02bb534b5e4be4b6482
cookevegas.com,AVAILABILITY,origin.list,origin.list,2001-04-21 04:34:10.644923,4168e02bb534b5e4be4b6482
cookielawblog.wordpress.com,AVAILABILITY,origin.list,origin.list,2001-04-21 04:34:10.655882,4168e02bb534b5e4be4b6482
cookingmeat.ru,AVAILABILITY,origin.list,origin.list,2001-04-21 04:34:10.665531,4168e02bb534b5e4be4b6482
cooknfit.com,AVAILABILITY,origin.list,origin.list,2001-04-21 04:34:10.675472,4168e02bb534b5e4be4b6482
coolemailnames.com,AVAILABILITY,origin.list,origin.list,2001-04-21 04:34:10.685286,4168e02bb534b5e4be4b6482
creativemindhacks.com,AVAILABILITY,origin.list,origin.list,2001-04-21 04:34:10.695907,4168e02bb534b5e4be4b6482
creativeteam.it,AVAILABILITY,origin.list,origin.list,2001-04-21 04:34:10.706482,4168e02bb534b5e4be4b6482
crystalslot.com,AVAILABILITY,origin.list,origin.list,2001-04-21 04:34:10.717061,4168e02bb534b5e4be4b6482
cs1g.com,AVAILABILITY,origin.list,origin.list,2001-04-21 04:34:10.727332,4168e02bb534b5e4be4b6482
cs6hm.com,AVAILABILITY,origin.list,origin.list,2001-04-21 04:34:10.737867,4168e02bb534b5e4be4b6482
csgoezknife.com,AVAILABILITY,origin.list,origin.list,2001-04-21 04:34:10.748050,4168e02bb534b5e4be4b6482
csgo-jackpot.net,AVAILABILITY,origin.list,origin.list,2001-04-21 04:34:10.758648,4168e02bb534b5e4be4b6482
cs-gra.pl,AVAILABILITY,origin.list,origin.list,2001-04-21 04:34:10.768943,4168e02bb534b5e4be4b6482
csk.ru,AVAILABILITY,origin.list,origin.list,2001-04-21 04:34:10.779336,4168e02bb534b5e4be4b6482
cstrespsurvey.ca,AVAILABILITY,origin.list,origin.list,2001-04-21 04:34:10.790796,4168e02bb534b5e4be4b6482
espritensemble.com,AVAILABILITY,origin.list,origin.list,2001-04-21 04:34:10.802206,4168e02bb534b5e4be4b6482
etemis.com,AVAILABILITY,origin.list,origin.list,2001-04-21 04:34:10.812331,4168e02bb534b5e4be4b6482
ethanslayton.com,AVAILABILITY,origin.list,origin.list,2001-04-21 04:34:10.822693,4168e02bb534b5e4be4b6482
ethan.wang,AVAILABILITY,origin.list,origin.list,2001-04-21 04:34:10.832944,4168e02bb534b5e4be4b6482
ethnicafrique.com,AVAILABILITY,origin.list,origin.list,2001-04-21 04:34:10.843554,4168e02bb534b5e4be4b6482
ethnicking.com,AVAILABILITY,origin.list,origin.list,2001-04-21 04:34:10.854730,4168e02bb534b5e4be4b6482
etisalatebill.net,AVAILABILITY,origin.list,origin.list,2001-04-21 04:34:10.864778,4168e02bb534b5e4be4b6482
etm-consult.de,AVAILABILITY,origin.list,origin.list,2001-04-21 04:34:10.875424,4168e02bb534b5e4be4b6482
euadoroisso.com.br,AVAILABILITY,origin.list,origin.list,2001-04-21 04:34:10.886326,4168e02bb534b5e4be4b6482
eu-cookie-law.info,AVAILABILITY,origin.list,origin.list,2001-04-21 04:34:10.896703,4168e02bb534b5e4be4b6482
eupornstar.info,AVAILABILITY,origin.list,origin.list,2001-04-21 04:34:10.906695,4168e02bb534b5e4be4b6482
euro-option.info,AVAILABILITY,origin.list,origin.list,2001-04-21 04:34:10.917154,4168e02bb534b5e4be4b6482
eurospanker.com,AVAILABILITY,origin.list,origin.list,2001-04-21 04:34:10.927719,4168e02bb534b5e4be4b6482
eurovisions.free.fr,AVAILABILITY,origin.list,origin.list,2001-04-21 04:34:10.938206,4168e02bb534b5e4be4b6482
eu-survey.com,AVAILABILITY,origin.list,origin.list,2001-04-21 04:34:10.948789,4168e02bb534b5e4be4b6482
event-tracking.com,AVAILABILITY,origin.list,origin.list,2001-04-21 04:34:10.959134,4168e02bb534b5e4be4b6482
everestclick.com,AVAILABILITY,origin.list,origin.list,2001-04-21 04:34:10.970258,4168e02bb534b5e4be4b6482
every-day.net,AVAILABILITY,origin.list,origin.list,2001-04-21 04:34:10.981475,4168e02bb534b5e4be4b6482
everydresses.com,AVAILABILITY,origin.list,origin.list,2001-04-21 04:34:10.992303,4168e02bb534b5e4be4b6482
everytalk.tv,AVAILABILITY,origin.list,origin.list,2001-04-21 04:34:11.002846,4168e02bb534b5e4be4b6482
everythingisstory.com,AVAILABILITY,origin.list,origin.list,2001-04-21 04:34:11.013961,4168e02bb534b5e4be4b6482
evesaddictin.com,AVAILABILITY,origin.list,origin.list,2001-04-21 04:34:11.024411,4168e02bb534b5e4be4b6482
evidencecleanergold.com,AVAILABILITY,origin.list,origin.list,2001-04-21 04:34:11.037800,4168e02bb534b5e4be4b6482
evil69.com,AVAILABILITY,origin.list,origin.list,2001-04-21 04:34:11.050441,4168e02bb534b5e4be4b6482
evile.co.uk,AVAILABILITY,origin.list,origin.list,2001-04-21 04:34:11.062075,4168e02bb534b5e4be4b6482
evkc.com,AVAILABILITY,origin.list,origin.list,2001-04-21 04:34:11.072965,4168e02bb534b5e4be4b6482
evogarage.com,AVAILABILITY,origin.list,origin.list,2001-04-21 04:34:11.086587,4168e02bb534b5e4be4b6482
exhibenfrance.com,AVAILABILITY,origin.list,origin.list,2001-04-21 04:34:11.097933,4168e02bb534b5e4be4b6482
exhibits4court.com,AVAILABILITY,origin.list,origin.list,2001-04-21 04:34:11.108744,4168e02bb534b5e4be4b6482
e-zeitung.de,AVAILABILITY,origin.list,origin.list,2001-04-21 04:34:11.119583,4168e02bb534b5e4be4b6482
falcoware.com,AVAILABILITY,origin.list,origin.list,2001-04-21 04:34:11.130364,4168e02bb534b5e4be4b6482
familienzahnaerzte.com,AVAILABILITY,origin.list,origin.list,2001-04-21 04:34:11.141316,4168e02bb534b5e4be4b6482
family1st.ca,AVAILABILITY,origin.list,origin.list,2001-04-21 04:34:11.151981,4168e02bb534b5e4be4b6482
familyholiday.ml,AVAILABILITY,origin.list,origin.list,2001-04-21 04:34:11.162677,4168e02bb534b5e4be4b6482
familyhomefinance.com.au,AVAILABILITY,origin.list,origin.list,2001-04-21 04:34:11.173496,4168e02bb534b5e4be4b6482
famir.com,AVAILABILITY,origin.list,origin.list,2001-04-21 04:34:11.184785,4168e02bb534b5e4be4b6482
fd1.eye.to,AVAILABILITY,origin.list,origin.list,2001-04-21 04:34:11.195418,4168e02bb534b5e4be4b6482
fd2.eye.to,AVAILABILITY,origin.list,origin.list,2001-04-21 04:34:11.206133,4168e02bb534b5e4be4b6482
fd4.eye.to,AVAILABILITY,origin.list,origin.list,2001-04-21 04:34:11.217591,4168e02bb534b5e4be4b6482
freedomart.cz,AVAILABILITY,origin.list,origin.list,2001-04-21 04:34:11.228524,4168e02bb534b5e4be4b6482
free-gay.de,AVAILABILITY,origin.list,origin.list,2001-04-21 04:34:11.239675,4168e02bb534b5e4be4b6482
freegayporn.biz,AVAILABILITY,origin.list,origin.list,2001-04-21 04:34:11.250694,4168e02bb534b5e4be4b6482
free-gluten.ru,AVAILABILITY,origin.list,origin.list,2001-04-21 04:34:11.262388,4168e02bb534b5e4be4b6482
free-groupsex.com,AVAILABILITY,origin.list,origin.list,2001-04-21 04:34:11.273097,4168e02bb534b5e4be4b6482
free-hairy-pussy.net,AVAILABILITY,origin.list,origin.list,2001-04-21 04:34:11.284163,4168e02bb534b5e4be4b6482
freehanbam.net,AVAILABILITY,origin.list,origin.list,2001-04-21 04:34:11.295338,4168e02bb534b5e4be4b6482
freehealthpoints.com,AVAILABILITY,origin.list,origin.list,2001-04-21 04:34:11.306689,4168e02bb534b5e4be4b6482
freehomosexual.com,AVAILABILITY,origin.list,origin.list,2001-04-21 04:34:11.318203,4168e02bb534b5e4be4b6482
freehornygirls.com,AVAILABILITY,origin.list,origin.list,2001-04-21 04:34:11.329055,4168e02bb534b5e4be4b6482
freehostservers.com,AVAILABILITY,origin.list,origin.list,2001-04-21 04:34:11.340489,4168e02bb534b5e4be4b6482
freeindiangals.com,AVAILABILITY,origin.list,origin.list,2001-04-21 04:34:11.351775,4168e02bb534b5e4be4b6482
freeuploader.ml,AVAILABILITY,origin.list,origin.list,2001-04-21 04:34:11.363236,4168e02bb534b5e4be4b6482
fx.gtop.ro,AVAILABILITY,origin.list,origin.list,2001-04-21 04:34:11.374455,4168e02bb534b5e4be4b6482
girlporn.ru,AVAILABILITY,origin.list,origin.list,2001-04-21 04:34:11.385636,4168e02bb534b5e4be4b6482
globetrotting-culture.ru,AVAILABILITY,origin.list,origin.list,2001-04-21 04:34:11.396844,4168e02bb534b5e4be4b6482
globusdate.com,AVAILABILITY,origin.list,origin.list,2001-04-21 04:34:11.408396,4168e02bb534b5e4be4b6482
glopages.ru,AVAILABILITY,origin.list,origin.list,2001-04-21 04:34:11.420966,4168e02bb534b5e4be4b6482
goawos.com,AVAILABILITY,origin.list,origin.list,2001-04-21 04:34:11.433574,4168e02bb534b5e4be4b6482
gobettygo.com,AVAILABILITY,origin.list,origin.list,2001-04-21 04:34:11.445185,4168e02bb534b5e4be4b6482
go.biz,AVAILABILITY,origin.list,origin.list,2001-04-21 04:34:11.456629,4168e02bb534b5e4be4b6482
gobusinessloan.com,AVAILABILITY,origin.list,origin.list,2001-04-21 04:34:11.468451,4168e02bb534b5e4be4b6482
goddessvip.com,AVAILABILITY,origin.list,origin.list,2001-04-21 04:34:11.479934,4168e02bb534b5e4be4b6482
godrix.com,AVAILABILITY,origin.list,origin.list,2001-04-21 04:34:11.491405,4168e02bb534b5e4be4b6482
godsadvice.com,AVAILABILITY,origin.list,origin.list,2001-04-21 04:34:11.503050,4168e02bb534b5e4be4b6482
goforexvps.com,AVAILABILITY,origin.list,origin.list,2001-04-21 04:34:11.514449,4168e02bb534b5e4be4b6482
gofun.info,AVAILABILITY,origin.list,origin.list,2001-04-21 04:34:11.525976,4168e02bb534b5e4be4b6482
go-gal.com,AVAILABILITY,origin.list,origin.list,2001-04-21 04:34:11.537458,4168e02bb534b5e4be4b6482
gotporn.info,AVAILABILITY,origin.list,origin.list,2001-04-21 04:34:11.548922,4168e02bb534b5e4be4b6482
gotwebsite1.com,AVAILABILITY,origin.list,origin.list,2001-04-21 04:34:11.560774,4168e02bb534b5e4be4b6482
gov.yanao.ru,AVAILABILITY,origin.list,origin.list,2001-04-21 04:34:11.572202,4168e02bb534b5e4be4b6482
grabbersex.com,AVAILABILITY,origin.list,origin.list,2001-04-21 04:34:11.583635,4168e02bb534b5e4be4b6482
grabraeuber.de,AVAILABILITY,origin.list,origin.list,2001-04-21 04:34:11.595134,4168e02bb534b5e4be4b6482
gracecore.com,AVAILABILITY,origin.list,origin.list,2001-04-21 04:34:11.607284,4168e02bb534b5e4be4b6482
grafit.pl,AVAILABILITY,origin.list,origin.list,2001-04-21 04:34:11.618734,4168e02bb534b5e4be4b6482
gratis-sexkontakte.com,AVAILABILITY,origin.list,origin.list,2001-04-21 04:34:11.629989,4168e02bb534b5e4be4b6482
gratis.sms.senden.sms13.de,AVAILABILITY,origin.list,origin.list,2001-04-21 04:34:11.642000,4168e02bb534b5e4be4b6482
gratisweb.com,AVAILABILITY,origin.list,origin.list,2001-04-21 04:34:11.653735,4168e02bb534b5e4be4b6482
gravygirls.com,AVAILABILITY,origin.list,origin.list,2001-04-21 04:34:11.665694,4168e02bb534b5e4be4b6482
greatamericansexdiet.com,AVAILABILITY,origin.list,origin.list,2001-04-21 04:34:11.677188,4168e02bb534b5e4be4b6482
great-comics.com,AVAILABILITY,origin.list,origin.list,2001-04-21 04:34:11.689107,4168e02bb534b5e4be4b6482
greatest-store.com,AVAILABILITY,origin.list,origin.list,2001-04-21 04:34:11.700878,4168e02bb534b5e4be4b6482
greatfind-a.akamaihd.net,AVAILABILITY,origin.list,origin.list,2001-04-21 04:34:11.712414,4168e02bb534b5e4be4b6482
greatfireoflondon.org.uk,AVAILABILITY,origin.list,origin.list,2001-04-21 04:34:11.724343,4168e02bb534b5e4be4b6482
greatgrace.ru,AVAILABILITY,origin.list,origin.list,2001-04-21 04:34:11.736227,4168e02bb534b5e4be4b6482
greatlakessurveillance.com,AVAILABILITY,origin.list,origin.list,2001-04-21 04:34:11.748022,4168e02bb534b5e4be4b6482
greatpussies.com,AVAILABILITY,origin.list,origin.list,2001-04-21 04:34:11.760160,4168e02bb534b5e4be4b6482
greatsexcontent.dk,AVAILABILITY,origin.list,origin.list,2001-04-21 04:34:11.773203,4168e02bb534b5e4be4b6482
greatsimplicity.com,AVAILABILITY,origin.list,origin.list,2001-04-21 04:34:11.786547,4168e02bb534b5e4be4b6482
hallohaus.co,AVAILABILITY,origin.list,origin.list,2001-04-21 04:34:11.800678,4168e02bb534b5e4be4b6482
hmuana.com,AVAILABILITY,origin.list,origin.list,2001-04-21 04:34:11.812763,4168e02bb534b5e4be4b6482
hpn-collector.cliqz.com,AVAILABILITY,origin.list,origin.list,2001-04-21 04:34:11.824720,4168e02bb534b5e4be4b6482
huanqiucaijing.cn,AVAILABILITY,origin.list,origin.list,2001-04-21 04:34:11.837033,4168e02bb534b5e4be4b6482
huge-cocks.biz,AVAILABILITY,origin.list,origin.list,2001-04-21 04:34:11.848828,4168e02bb534b5e4be4b6482
huge-gay-cock.com,AVAILABILITY,origin.list,origin.list,2001-04-21 04:34:11.860860,4168e02bb534b5e4be4b6482
hugersoft.com,AVAILABILITY,origin.list,origin.list,2001-04-21 04:34:11.874292,4168e02bb534b5e4be4b6482
hugoparisescort.com,AVAILABILITY,origin.list,origin.list,2001-04-21 04:34:11.886242,4168e02bb534b5e4be4b6482
huisvrouwen.be,AVAILABILITY,origin.list,origin.list,2001-04-21 04:34:11.898571,4168e02bb534b5e4be4b6482
hukbo.com,AVAILABILITY,origin.list,origin.list,2001-04-21 04:34:11.910905,4168e02bb534b5e4be4b6482
humorcartoes.com.sapo.pt,AVAILABILITY,origin.list,origin.list,2001-04-21 04:34:11.923792,4168e02bb534b5e4be4b6482
humorpool.com,AVAILABILITY,origin.list,origin.list,2001-04-21 04:34:11.936699,4168e02bb534b5e4be4b6482
humortadelacartoes.com.sapo.pt,AVAILABILITY,origin.list,origin.list,2001-04-21 04:34:11.949517,4168e02bb534b5e4be4b6482
humraaz.com,AVAILABILITY,origin.list,origin.list,2001-04-21 04:34:11.963050,4168e02bb534b5e4be4b6482
hundejo.com,AVAILABILITY,origin.list,origin.list,2001-04-21 04:34:11.974939,4168e02bb534b5e4be4b6482
hungergame.com,AVAILABILITY,origin.list,origin.list,2001-04-21 04:34:11.986766,4168e02bb534b5e4be4b6482
hunger.xyz,AVAILABILITY,origin.list,origin.list,2001-04-21 04:34:11.998711,4168e02bb534b5e4be4b6482
hunks-hardcore.com,AVAILABILITY,origin.list,origin.list,2001-04-21 04:34:12.011310,4168e02bb534b5e4be4b6482
hunks-naked.com,AVAILABILITY,origin.list,origin.list,2001-04-21 04:34:12.024849,4168e02bb534b5e4be4b6482
hunshop.natureflower.com,AVAILABILITY,origin.list,origin.list,2001-04-21 04:34:12.036837,4168e02bb534b5e4be4b6482
hunt4porn.com,AVAILABILITY,origin.list,origin.list,2001-04-21 04:34:12.049170,4168e02bb534b5e4be4b6482
hustlervip.net,AVAILABILITY,origin.list,origin.list,2001-04-21 04:34:12.061318,4168e02bb534b5e4be4b6482
hustoon.over-blog.com,AVAILABILITY,origin.list,origin.list,2001-04-21 04:34:12.073183,4168e02bb534b5e4be4b6482
hut1.ru,AVAILABILITY,origin.list,origin.list,2001-04-21 04:34:12.088639,4168e02bb534b5e4be4b6482
hvd-store.com,AVAILABILITY,origin.list,origin.list,2001-04-21 04:34:12.100555,4168e02bb534b5e4be4b6482
h-villamotel.com,AVAILABILITY,origin.list,origin.list,2001-04-21 04:34:12.112532,4168e02bb534b5e4be4b6482
hybrid.ru,AVAILABILITY,origin.list,origin.list,2001-04-21 04:34:12.125230,4168e02bb534b5e4be4b6482
hydropneuengg.com,AVAILABILITY,origin.list,origin.list,2001-04-21 04:34:12.137405,4168e02bb534b5e4be4b6482
hydropump.su,AVAILABILITY,origin.list,origin.list,2001-04-21 04:34:12.149999,4168e02bb534b5e4be4b6482
hygar.com,AVAILABILITY,origin.list,origin.list,2001-04-21 04:34:12.161754,4168e02bb534b5e4be4b6482
hygromycin-b-50mg-ml-solution.com,AVAILABILITY,origin.list,origin.list,2001-04-21 04:34:12.173603,4168e02bb534b5e4be4b6482
hyipbrowser.biz,AVAILABILITY,origin.list,origin.list,2001-04-21 04:34:12.186845,4168e02bb534b5e4be4b6482
hyipmanager.in,AVAILABILITY,origin.list,origin.list,2001-04-21 04:34:12.198672,4168e02bb534b5e4be4b6482
hyjxtz.com,AVAILABILITY,origin.list,origin.list,2001-04-21 04:34:12.211457,4168e02bb534b5e4be4b6482
hymen-defloration.info,AVAILABILITY,origin.list,origin.list,2001-04-21 04:34:12.223689,4168e02bb534b5e4be4b6482
hypnoseterapi.com,AVAILABILITY,origin.list,origin.list,2001-04-21 04:34:12.235886,4168e02bb534b5e4be4b6482
hypnotone.com,AVAILABILITY,origin.list,origin.list,2001-04-21 04:34:12.249098,4168e02bb534b5e4be4b6482
hystersister.com,AVAILABILITY,origin.list,origin.list,2001-04-21 04:34:12.261429,4168e02bb534b5e4be4b6482
hy-tec.com,AVAILABILITY,origin.list,origin.list,2001-04-21 04:34:12.274142,4168e02bb534b5e4be4b6482
hzdoctor.com,AVAILABILITY,origin.list,origin.list,2001-04-21 04:34:12.287332,4168e02bb534b5e4be4b6482
i-c-c-c.com,AVAILABILITY,origin.list,origin.list,2001-04-21 04:34:12.300498,4168e02bb534b5e4be4b6482
ichgcp.com,AVAILABILITY,origin.list,origin.list,2001-04-21 04:34:12.313824,4168e02bb534b5e4be4b6482
icipourtoi.com,AVAILABILITY,origin.list,origin.list,2001-04-21 04:34:12.328085,4168e02bb534b5e4be4b6482
iclsas.com,AVAILABILITY,origin.list,origin.list,2001-04-21 04:34:12.341339,4168e02bb534b5e4be4b6482
ico.re,AVAILABILITY,origin.list,origin.list,2001-04-21 04:34:12.353635,4168e02bb534b5e4be4b6482
i-dating.info,AVAILABILITY,origin.list,origin.list,2001-04-21 04:34:12.365821,4168e02bb534b5e4be4b6482
idc.com.ua,AVAILABILITY,origin.list,origin.list,2001-04-21 04:34:12.378277,4168e02bb534b5e4be4b6482
idealtits.net,AVAILABILITY,origin.list,origin.list,2001-04-21 04:34:12.390388,4168e02bb534b5e4be4b6482
ideas.com.uy,AVAILABILITY,origin.list,origin.list,2001-04-21 04:34:12.402551,4168e02bb534b5e4be4b6482
ideawheel.com,AVAILABILITY,origin.list,origin.list,2001-04-21 04:34:12.414616,4168e02bb534b5e4be4b6482
idecoideas.com,AVAILABILITY,origin.list,origin.list,2001-04-21 04:34:12.427247,4168e02bb534b5e4be4b6482
ideibiznesa2015.ru,AVAILABILITY,origin.list,origin.list,2001-04-21 04:34:12.439317,4168e02bb534b5e4be4b6482
idkom.com,AVAILABILITY,origin.list,origin.list,2001-04-21 04:34:12.451252,4168e02bb534b5e4be4b6482
ido3.com,AVAILABILITY,origin.list,origin.list,2001-04-21 04:34:12.463631,4168e02bb534b5e4be4b6482
idolax.com,AVAILABILITY,origin.list,origin.list,2001-04-21 04:34:12.478313,4168e02bb534b5e4be4b6482
idolhairsalon.com,AVAILABILITY,origin.list,origin.list,2001-04-21 04:34:12.493286,4168e02bb534b5e4be4b6482
idolight.net,AVAILABILITY,origin.list,origin.list,2001-04-21 04:34:12.506993,4168e02bb534b5e4be4b6482
idrct.com,AVAILABILITY,origin.list,origin.list,2001-04-21 04:34:12.520620,4168e02bb534b5e4be4b6482
idvipteam.com,AVAILABILITY,origin.list,origin.list,2001-04-21 04:34:12.536652,4168e02bb534b5e4be4b6482
iframes.pornprosnetwork.com,AVAILABILITY,origin.list,origin.list,2001-04-21 04:34:12.550990,4168e02bb534b5e4be4b6482
imageprostyle-communication.fr,AVAILABILITY,origin.list,origin.list,2001-04-21 04:34:12.567328,4168e02bb534b5e4be4b6482
imap.dpsl.net,AVAILABILITY,origin.list,origin.list,2001-04-21 04:34:12.584754,4168e02bb534b5e4be4b6482
indetiske.ya.ru,AVAILABILITY,origin.list,origin.list,2001-04-21 04:34:12.597647,4168e02bb534b5e4be4b6482
inleadership.co.nz,AVAILABILITY,origin.list,origin.list,2001-04-21 04:34:12.610619,4168e02bb534b5e4be4b6482
ladsblue.com,AVAILABILITY,origin.list,origin.list,2001-04-21 04:34:12.623368,4168e02bb534b5e4be4b6482
library.cowley.edu,AVAILABILITY,origin.list,origin.list,2001-04-21 04:34:12.635945,4168e02bb534b5e4be4b6482
live1powerlife.com,AVAILABILITY,origin.list,origin.list,2001-04-21 04:34:12.649234,4168e02bb534b5e4be4b6482
maincert.com,AVAILABILITY,origin.list,origin.list,2001-04-21 04:34:12.662067,4168e02bb534b5e4be4b6482
matureporno.info,AVAILABILITY,origin.list,origin.list,2001-04-21 04:34:12.675046,4168e02bb534b5e4be4b6482
maxxisproduct.com,AVAILABILITY,origin.list,origin.list,2001-04-21 04:34:12.687597,4168e02bb534b5e4be4b6482
nottepad-plus-plus.org,AVAILABILITY,origin.list,origin.list,2001-04-21 04:34:12.700714,4168e02bb534b5e4be4b6482
prizesforyou.com,AVAILABILITY,origin.list,origin.list,2001-04-21 04:34:12.713868,4168e02bb534b5e4be4b6482
prizesfu74.life,AVAILABILITY,origin.list,origin.list,2001-04-21 04:34:12.727010,4168e02bb534b5e4be4b6482
spacebridemag.com,AVAILABILITY,origin.list,origin.list,2001-04-21 04:34:12.740628,4168e02bb534b5e4be4b6482
spl63.fr,AVAILABILITY,origin.list,origin.list,2001-04-21 04:34:12.753813,4168e02bb534b5e4be4b6482
ssl.eroscomix.com,AVAILABILITY,origin.list,origin.list,2001-04-21 04:34:12.767361,4168e02bb534b5e4be4b6482
stats.cliqz.com,AVAILABILITY,origin.list,origin.list,2001-04-21 04:34:12.780461,4168e02bb534b5e4be4b6482
townhousefilms.com,AVAILABILITY,origin.list,origin.list,2001-04-21 04:34:12.793518,4168e02bb534b5e4be4b6482
yuarra.pluto.ro,AVAILABILITY,origin.list,origin.list,2001-04-21 04:34:12.806478,4168e02bb534b5e4be4b6482
yunque.pluto.ro,AVAILABILITY,origin.list,origin.list,2001-04-21 04:34:12.820278,4168e02bb534b5e4be4b6482
000free.us,AVAILABILITY,origin.list,origin.list,2021-04-21 04:34:16.289956,4168e02bb534b5e4be4b6482
000.gaysexe.free.fr,AVAILABILITY,origin.list,origin.list,2021-04-21 04:34:21.492669,4168e02bb534b5e4be4b6482
000tristanprod.free.fr,AVAILABILITY,origin.list,origin.list,2021-04-21 04:34:26.787647,4168e02bb534b5e4be4b6482
007angels.com,AVAILABILITY,origin.list,origin.list,2021-04-21 04:34:30.048761,4168e02bb534b5e4be4b6482
00author.com,AVAILABILITY,origin.list,origin.list,2021-04-21 04:34:33.309790,4168e02bb534b5e4be4b6482
00go.com,AVAILABILITY,origin.list,origin.list,2021-04-21 04:34:36.568154,4168e02bb534b5e4be4b6482
00it.com,AVAILABILITY,origin.list,origin.list,2021-04-21 04:34:39.830039,4168e02bb534b5e4be4b6482
00sexus.com,AVAILABILITY,origin.list,origin.list,2021-04-21 04:34:43.093717,4168e02bb534b5e4be4b6482
00webcams.com,AVAILABILITY,origin.list,origin.list,2021-04-21 04:34:46.352162,4168e02bb534b5e4be4b6482
017gj.com,AVAILABILITY,origin.list,origin.list,2021-04-21 04:34:49.608183,4168e02bb534b5e4be4b6482
01apple.com,AVAILABILITY,origin.list,origin.list,2021-04-21 04:34:52.866622,4168e02bb534b5e4be4b6482
01-sex-amateur.info,AVAILABILITY,origin.list,origin.list,2021-04-21 04:34:56.124396,4168e02bb534b5e4be4b6482
03e.info,AVAILABILITY,origin.list,origin.list,2021-04-21 04:34:59.388500,4168e02bb534b5e4be4b6482
03p.info,AVAILABILITY,origin.list,origin.list,2021-04-21 04:35:02.646445,4168e02bb534b5e4be4b6482
07634.com,AVAILABILITY,origin.list,origin.list,2021-04-21 04:35:05.904238,4168e02bb534b5e4be4b6482
0900-telefonerotik.de,AVAILABILITY,origin.list,origin.list,2021-04-21 04:35:09.626233,4168e02bb534b5e4be4b6482
09zyy.com,AVAILABILITY,origin.list,origin.list,2021-04-21 04:35:12.884678,4168e02bb534b5e4be4b6482
0azx1.com,AVAILABILITY,origin.list,origin.list,2021-04-21 04:35:16.142843,4168e02bb534b5e4be4b6482
0dax.com,AVAILABILITY,origin.list,origin.list,2021-04-21 04:35:19.401361,4168e02bb534b5e4be4b6482
0lovespells0.blogspot.com,AVAILABILITY,origin.list,origin.list,2021-04-21 04:35:23.208187,4168e02bb534b5e4be4b6482
0m4.ru,AVAILABILITY,origin.list,origin.list,2021-04-21 04:35:26.466247,4168e02bb534b5e4be4b6482
0n-line.tv,AVAILABILITY,origin.list,origin.list,2021-04-21 04:35:29.724850,4168e02bb534b5e4be4b6482
0q2.sitey.me,AVAILABILITY,origin.list,origin.list,2021-04-21 04:35:33.409797,4168e02bb534b5e4be4b6482
10000hai.com,AVAILABILITY,origin.list,origin.list,2021-04-21 04:35:36.668363,4168e02bb534b5e4be4b6482
10000verges.free.fr,AVAILABILITY,origin.list,origin.list,2021-04-21 04:35:41.626572,4168e02bb534b5e4be4b6482
1000bannerx.free.fr,AVAILABILITY,origin.list,origin.list,2021-04-21 04:35:46.739852,4168e02bb534b5e4be4b6482
1000cumshots.com,AVAILABILITY,origin.list,origin.list,2021-04-21 04:35:50.001720,4168e02bb534b5e4be4b6482
1000lashes.com,AVAILABILITY,origin.list,origin.list,2021-04-21 04:35:53.268936,4168e02bb534b5e4be4b6482
1000russianwomen.com,AVAILABILITY,origin.list,origin.list,2021-04-21 04:35:56.527182,4168e02bb534b5e4be4b6482
1001lingerie.com,AVAILABILITY,origin.list,origin.list,2021-04-21 04:35:59.785610,4168e02bb534b5e4be4b6482
100dollars-seo.com,AVAILABILITY,origin.list,origin.list,2021-04-21 04:36:03.044057,4168e02bb534b5e4be4b6482
100filles.free.fr,AVAILABILITY,origin.list,origin.list,2021-04-21 04:36:08.109997,4168e02bb534b5e4be4b6482
100shemales.com,AVAILABILITY,origin.list,origin.list,2021-04-21 04:36:11.368671,4168e02bb534b5e4be4b6482
101billion.com,AVAILABILITY,origin.list,origin.list,2021-04-21 04:36:14.627224,4168e02bb534b5e4be4b6482
101flag.ru,AVAILABILITY,origin.list,origin.list,2021-04-21 04:36:17.888094,4168e02bb534b5e4be4b6482
101raccoon.ru,AVAILABILITY,origin.list,origin.list,2021-04-21 04:36:21.145933,4168e02bb534b5e4be4b6482
108shot.com,AVAILABILITY,origin.list,origin.list,2021-04-21 04:36:24.404390,4168e02bb534b5e4be4b6482
1.114central.com,AVAILABILITY,origin.list,origin.list,2021-04-21 04:36:28.110715,4168e02bb534b5e4be4b6482
11-15.net,AVAILABILITY,origin.list,origin.list,2021-04-21 04:36:31.368883,4168e02bb534b5e4be4b6482
11235813.webzdarma.cz,AVAILABILITY,origin.list,origin.list,2021-04-21 04:36:35.454636,4168e02bb534b5e4be4b6482
121phonesex.co.uk,AVAILABILITY,origin.list,origin.list,2021-04-21 04:36:38.712639,4168e02bb534b5e4be4b6482
123any.com,AVAILABILITY,origin.list,origin.list,2021-04-21 04:36:41.971448,4168e02bb534b5e4be4b6482
123boy.free.fr,AVAILABILITY,origin.list,origin.list,2021-04-21 04:36:47.181362,4168e02bb534b5e4be4b6482
123branlemoi.free.fr,AVAILABILITY,origin.list,origin.list,2021-04-21 04:36:52.225785,4168e02bb534b5e4be4b6482
123cha.com,AVAILABILITY,origin.list,origin.list,2021-04-21 04:36:55.485984,4168e02bb534b5e4be4b6482
123kia.free.fr,AVAILABILITY,origin.list,origin.list,2021-04-21 04:37:00.692894,4168e02bb534b5e4be4b6482
123kuma.com,AVAILABILITY,origin.list,origin.list,2021-04-21 04:37:03.951518,4168e02bb534b5e4be4b6482
123laceypink.com,AVAILABILITY,origin.list,origin.list,2021-04-21 04:37:07.213985,4168e02bb534b5e4be4b6482
123latina.free.fr,AVAILABILITY,origin.list,origin.list,2021-04-21 04:37:12.569611,4168e02bb534b5e4be4b6482
123locker.com,AVAILABILITY,origin.list,origin.list,2021-04-21 04:37:15.828027,4168e02bb534b5e4be4b6482
123sex.biz,AVAILABILITY,origin.list,origin.list,2021-04-21 04:37:19.086022,4168e02bb534b5e4be4b6482
12cams.be,AVAILABILITY,origin.list,origin.list,2021-04-21 04:37:22.551589,4168e02bb534b5e4be4b6482
12.com,AVAILABILITY,origin.list,origin.list,2021-04-21 04:37:25.810154,4168e02bb534b5e4be4b6482
1-2fly-befragung.de,AVAILABILITY,origin.list,origin.list,2021-04-21 04:37:29.265694,4168e02bb534b5e4be4b6482
12masterov.com,AVAILABILITY,origin.list,origin.list,2021-04-21 04:37:32.524786,4168e02bb534b5e4be4b6482
12research.com,AVAILABILITY,origin.list,origin.list,2021-04-21 04:37:35.785994,4168e02bb534b5e4be4b6482
12u.info,AVAILABILITY,origin.list,origin.list,2021-04-21 04:37:39.043837,4168e02bb534b5e4be4b6482
12xhardcore.com,AVAILABILITY,origin.list,origin.list,2021-04-21 04:37:42.302402,4168e02bb534b5e4be4b6482
1314dh.com,AVAILABILITY,origin.list,origin.list,2021-04-21 04:37:45.560878,4168e02bb534b5e4be4b6482
13453765871837679316.googlegroups.com,AVAILABILITY,origin.list,origin.list,2021-04-21 04:37:50.090556,4168e02bb534b5e4be4b6482
138shenbosbo.com,AVAILABILITY,origin.list,origin.list,2021-04-21 04:37:53.349102,4168e02bb534b5e4be4b6482
13tabs.com,AVAILABILITY,origin.list,origin.list,2021-04-21 04:37:56.608140,4168e02bb534b5e4be4b6482
14b.info,AVAILABILITY,origin.list,origin.list,2021-04-21 04:37:59.866044,4168e02bb534b5e4be4b6482
14teen.com,AVAILABILITY,origin.list,origin.list,2021-04-21 04:38:03.124535,4168e02bb534b5e4be4b6482
15x.info,AVAILABILITY,origin.list,origin.list,2021-04-21 04:38:06.382498,4168e02bb534b5e4be4b6482
166f.com,AVAILABILITY,origin.list,origin.list,2021-04-21 04:38:09.641325,4168e02bb534b5e4be4b6482
16aq.cn,AVAILABILITY,origin.list,origin.list,2021-04-21 04:38:12.899240,4168e02bb534b5e4be4b6482
17chezhan.com,AVAILABILITY,origin.list,origin.list,2021-04-21 04:38:16.165764,4168e02bb534b5e4be4b6482
17youzi.com,AVAILABILITY,origin.list,origin.list,2021-04-21 04:38:19.424231,4168e02bb534b5e4be4b6482
18744.com,AVAILABILITY,origin.list,origin.list,2021-04-21 04:38:22.682815,4168e02bb534b5e4be4b6482
189-211-177-171.static.axtel.net,AVAILABILITY,origin.list,origin.list,2021-04-21 04:38:26.497328,4168e02bb534b5e4be4b6482
189zx.com,AVAILABILITY,origin.list,origin.list,2021-04-21 04:38:29.755783,4168e02bb534b5e4be4b6482
18freeporn.com,AVAILABILITY,origin.list,origin.list,2021-04-21 04:38:33.011654,4168e02bb534b5e4be4b6482
18hdxxx.com,AVAILABILITY,origin.list,origin.list,2021-04-21 04:38:36.272951,4168e02bb534b5e4be4b6482
18pluscard.com,AVAILABILITY,origin.list,origin.list,2021-04-21 04:38:39.531595,4168e02bb534b5e4be4b6482
18pluspics.com,AVAILABILITY,origin.list,origin.list,2021-04-21 04:38:42.789821,4168e02bb534b5e4be4b6482
18plusstore.com,AVAILABILITY,origin.list,origin.list,2021-04-21 04:38:46.048547,4168e02bb534b5e4be4b6482
18teengirl.com,AVAILABILITY,origin.list,origin.list,2021-04-21 04:38:49.307053,4168e02bb534b5e4be4b6482
18xtube.com,AVAILABILITY,origin.list,origin.list,2021-04-21 04:38:52.568498,4168e02bb534b5e4be4b6482
19blog.com,AVAILABILITY,origin.list,origin.list,2021-04-21 04:38:55.827264,4168e02bb534b5e4be4b6482
1adult.com,AVAILABILITY,origin.list,origin.list,2021-04-21 04:38:59.086139,4168e02bb534b5e4be4b6482
1bet.com,AVAILABILITY,origin.list,origin.list,2021-04-21 04:39:02.345065,4168e02bb534b5e4be4b6482
1ejaculationinterne.com,AVAILABILITY,origin.list,origin.list,2021-04-21 04:39:05.603811,4168e02bb534b5e4be4b6482
1forced.com,AVAILABILITY,origin.list,origin.list,2021-04-21 04:39:08.862343,4168e02bb534b5e4be4b6482
1-free-share-buttons.com,AVAILABILITY,origin.list,origin.list,2021-04-21 04:39:12.124242,4168e02bb534b5e4be4b6482
1hwy.com,AVAILABILITY,origin.list,origin.list,2021-04-21 04:39:15.382860,4168e02bb534b5e4be4b6482
1kinobig.ru,AVAILABILITY,origin.list,origin.list,2021-04-21 04:39:18.639647,4168e02bb534b5e4be4b6482
1pamm.ru,AVAILABILITY,origin.list,origin.list,2021-04-21 04:39:21.900792,4168e02bb534b5e4be4b6482
1-pregnant-sex.com,AVAILABILITY,origin.list,origin.list,2021-04-21 04:39:25.159126,4168e02bb534b5e4be4b6482
1qingdao.com,AVAILABILITY,origin.list,origin.list,2021-04-21 04:39:28.423104,4168e02bb534b5e4be4b6482
1re.info,AVAILABILITY,origin.list,origin.list,2021-04-21 04:39:31.681483,4168e02bb534b5e4be4b6482
1sexe1.free.fr,AVAILABILITY,origin.list,origin.list,2021-04-21 04:39:36.891699,4168e02bb534b5e4be4b6482
1stat.ru,AVAILABILITY,origin.list,origin.list,2021-04-21 04:39:40.151822,4168e02bb534b5e4be4b6482
1studio.net,AVAILABILITY,origin.list,origin.list,2021-04-21 04:39:43.410207,4168e02bb534b5e4be4b6482
1unblock.com,AVAILABILITY,origin.list,origin.list,2021-04-21 04:39:46.669058,4168e02bb534b5e4be4b6482
1wish.net,AVAILABILITY,origin.list,origin.list,2021-04-21 04:39:49.927749,4168e02bb534b5e4be4b6482
1worlditsolutions.com,AVAILABILITY,origin.list,origin.list,2021-04-21 04:39:53.186411,4168e02bb534b5e4be4b6482
1zone1.free.fr,AVAILABILITY,origin.list,origin.list,2021-04-21 04:39:58.398508,4168e02bb534b5e4be4b6482
2005-search.com,AVAILABILITY,origin.list,origin.list,2021-04-21 04:40:01.657184,4168e02bb534b5e4be4b6482
201mb.com,AVAILABILITY,origin.list,origin.list,2021-04-21 04:40:04.915820,4168e02bb534b5e4be4b6482
2020iscoming.info,AVAILABILITY,origin.list,origin.list,2021-04-21 04:40:08.171543,4168e02bb534b5e4be4b6482
202ch.com,AVAILABILITY,origin.list,origin.list,2021-04-21 04:40:11.430068,4168e02bb534b5e4be4b6482
20pascals.nl,AVAILABILITY,origin.list,origin.list,2021-04-21 04:40:15.221961,4168e02bb534b5e4be4b6482
22kkkk.com,AVAILABILITY,origin.list,origin.list,2021-04-21 04:40:18.483821,4168e02bb534b5e4be4b6482
24695.com,AVAILABILITY,origin.list,origin.list,2021-04-21 04:40:21.742503,4168e02bb534b5e4be4b6482
247lyrics.com,AVAILABILITY,origin.list,origin.list,2021-04-21 04:40:25.001012,4168e02bb534b5e4be4b6482
24-ak.ru,AVAILABILITY,origin.list,origin.list,2021-04-21 04:40:28.259283,4168e02bb534b5e4be4b6482
24holdem.com,AVAILABILITY,origin.list,origin.list,2021-04-21 04:40:31.520920,4168e02bb534b5e4be4b6482
24tradeplus.com,AVAILABILITY,origin.list,origin.list,2021-04-21 04:40:34.780271,4168e02bb534b5e4be4b6482
24videos.tv,AVAILABILITY,origin.list,origin.list,2021-04-21 04:40:38.038453,4168e02bb534b5e4be4b6482
24-xxx.biz,AVAILABILITY,origin.list,origin.list,2021-04-21 04:40:41.296120,4168e02bb534b5e4be4b6482
2560.fd.mobile.tv.sms13.de,AVAILABILITY,origin.list,origin.list,2021-04-21 04:40:45.961874,4168e02bb534b5e4be4b6482
257639.com,AVAILABILITY,origin.list,origin.list,2021-04-21 04:40:49.222162,4168e02bb534b5e4be4b6482
259572.com,AVAILABILITY,origin.list,origin.list,2021-04-21 04:40:52.480886,4168e02bb534b5e4be4b6482
271395.com,AVAILABILITY,origin.list,origin.list,2021-04-21 04:40:55.739527,4168e02bb534b5e4be4b6482
289931.com,AVAILABILITY,origin.list,origin.list,2021-04-21 04:40:58.998374,4168e02bb534b5e4be4b6482
2daytrendingnews.com,AVAILABILITY,origin.list,origin.list,2021-04-21 04:41:02.257119,4168e02bb534b5e4be4b6482
2gay.net,AVAILABILITY,origin.list,origin.list,2021-04-21 04:41:05.515274,4168e02bb534b5e4be4b6482
2girls1cumshot.com,AVAILABILITY,origin.list,origin.list,2021-04-21 04:41:08.774103,4168e02bb534b5e4be4b6482
2girls1cup-free.com,AVAILABILITY,origin.list,origin.list,2021-04-21 04:41:12.032956,4168e02bb534b5e4be4b6482
2kata.ru,AVAILABILITY,origin.list,origin.list,2021-04-21 04:41:15.291166,4168e02bb534b5e4be4b6482
2kporn.com,AVAILABILITY,origin.list,origin.list,2021-04-21 04:41:18.549949,4168e02bb534b5e4be4b6482
2lesbians.net,AVAILABILITY,origin.list,origin.list,2021-04-21 04:41:21.808284,4168e02bb534b5e4be4b6482
2manshow.com,AVAILABILITY,origin.list,origin.list,2021-04-21 04:41:25.066992,4168e02bb534b5e4be4b6482
2mj.pl,AVAILABILITY,origin.list,origin.list,2021-04-21 04:41:28.328252,4168e02bb534b5e4be4b6482
2mouses.com,AVAILABILITY,origin.list,origin.list,2021-04-21 04:41:31.587215,4168e02bb534b5e4be4b6482
2mycomputer.com,AVAILABILITY,origin.list,origin.list,2021-04-21 04:41:34.846351,4168e02bb534b5e4be4b6482
2n2qlh5hqcwrvo.net,AVAILABILITY,origin.list,origin.list,2021-04-21 04:41:38.104978,4168e02bb534b5e4be4b6482
2o34.com,AVAILABILITY,origin.list,origin.list,2021-04-21 04:41:41.363713,4168e02bb534b5e4be4b6482
2p9fyvx.com,AVAILABILITY,origin.list,origin.list,2021-04-21 04:41:44.622446,4168e02bb534b5e4be4b6482
2rich4bitches.com,AVAILABILITY,origin.list,origin.list,2021-04-21 04:41:47.884206,4168e02bb534b5e4be4b6482
2sexy.ro,AVAILABILITY,origin.list,origin.list,2021-04-21 04:41:51.139738,4168e02bb534b5e4be4b6482
2.speedknow.co,AVAILABILITY,origin.list,origin.list,2021-04-21 04:41:54.554191,4168e02bb534b5e4be4b6482
2step-garage.co.uk,AVAILABILITY,origin.list,origin.list,2021-04-21 04:41:57.812405,4168e02bb534b5e4be4b6482
2wink.com.au,AVAILABILITY,origin.list,origin.list,2021-04-21 04:42:01.758517,4168e02bb534b5e4be4b6482
2ydian.com,AVAILABILITY,origin.list,origin.list,2021-04-21 04:42:05.017301,4168e02bb534b5e4be4b6482
300sk.com,AVAILABILITY,origin.list,origin.list,2021-04-21 04:42:08.276219,4168e02bb534b5e4be4b6482
30hardcore.galleryprogram.com,AVAILABILITY,origin.list,origin.list,2021-04-21 04:42:11.955886,4168e02bb534b5e4be4b6482
30sec.info,AVAILABILITY,origin.list,origin.list,2021-04-21 04:42:15.211951,4168e02bb534b5e4be4b6482
31seconds.net,AVAILABILITY,origin.list,origin.list,2021-04-21 04:42:18.470308,4168e02bb534b5e4be4b6482
34.gs,AVAILABILITY,origin.list,origin.list,2021-04-21 04:42:21.729780,4168e02bb534b5e4be4b6482
365locksmithsminneapolis.com,AVAILABILITY,origin.list,origin.list,2021-04-21 04:42:24.988888,4168e02bb534b5e4be4b6482
3am.info,AVAILABILITY,origin.list,origin.list,2021-04-21 04:42:28.247127,4168e02bb534b5e4be4b6482
3angelsvideo.com,AVAILABILITY,origin.list,origin.list,2021-04-21 04:42:31.506104,4168e02bb534b5e4be4b6482
3cloud.net,AVAILABILITY,origin.list,origin.list,2021-04-21 04:42:34.768052,4168e02bb534b5e4be4b6482
3date.de,AVAILABILITY,origin.list,origin.list,2021-04-21 04:42:38.302719,4168e02bb534b5e4be4b6482
3-dauto.com,AVAILABILITY,origin.list,origin.list,2021-04-21 04:42:41.561672,4168e02bb534b5e4be4b6482
3dbluerayplayer.com,AVAILABILITY,origin.list,origin.list,2021-04-21 04:42:44.820462,4168e02bb534b5e4be4b6482
3dcgfx.net,AVAILABILITY,origin.list,origin.list,2021-04-21 04:42:48.076167,4168e02bb534b5e4be4b6482
3d-daughter-list.info,AVAILABILITY,origin.list,origin.list,2021-04-21 04:42:51.334426,4168e02bb534b5e4be4b6482
3d-hentai.de,AVAILABILITY,origin.list,origin.list,2021-04-21 04:42:54.916475,4168e02bb534b5e4be4b6482
3donlinegames.de,AVAILABILITY,origin.list,origin.list,2021-04-21 04:42:58.368929,4168e02bb534b5e4be4b6482
3dpassport.com,AVAILABILITY,origin.list,origin.list,2021-04-21 04:43:01.627602,4168e02bb534b5e4be4b6482
3dsemulator.info,AVAILABILITY,origin.list,origin.list,2021-04-21 04:43:04.885869,4168e02bb534b5e4be4b6482
3dviolet.com,AVAILABILITY,origin.list,origin.list,2021-04-21 04:43:08.144583,4168e02bb534b5e4be4b6482
3-gay.com,AVAILABILITY,origin.list,origin.list,2021-04-21 04:43:11.403529,4168e02bb534b5e4be4b6482
3gplay.pl,AVAILABILITY,origin.list,origin.list,2021-04-21 04:43:14.662132,4168e02bb534b5e4be4b6482
3henterprise.com,AVAILABILITY,origin.list,origin.list,2021-04-21 04:43:17.921402,4168e02bb534b5e4be4b6482
3jmcwio.com,AVAILABILITY,origin.list,origin.list,2021-04-21 04:43:21.180363,4168e02bb534b5e4be4b6482
3-letter-domains.net,AVAILABILITY,origin.list,origin.list,2021-04-21 04:43:24.438805,4168e02bb534b5e4be4b6482
3lm.info,AVAILABILITY,origin.list,origin.list,2021-04-21 04:43:27.697496,4168e02bb534b5e4be4b6482
3vig.com,AVAILABILITY,origin.list,origin.list,2021-04-21 04:43:30.959531,4168e02bb534b5e4be4b6482
3w24.com,AVAILABILITY,origin.list,origin.list,2021-04-21 04:43:34.218306,4168e02bb534b5e4be4b6482
3weekdiet.com,AVAILABILITY,origin.list,origin.list,2021-04-21 04:43:37.476807,4168e02bb534b5e4be4b6482
3xit.net,AVAILABILITY,origin.list,origin.list,2021-04-21 04:43:40.735198,4168e02bb534b5e4be4b6482
40cg.com,AVAILABILITY,origin.list,origin.list,2021-04-21 04:43:43.992504,4168e02bb534b5e4be4b6482
40hardcore.galleryprogram.com,AVAILABILITY,origin.list,origin.list,2021-04-21 04:43:47.672976,4168e02bb534b5e4be4b6482
423.ru,AVAILABILITY,origin.list,origin.list,2021-04-21 04:43:50.931245,4168e02bb534b5e4be4b6482
4asianporn.com,AVAILABILITY,origin.list,origin.list,2021-04-21 04:43:54.189929,4168e02bb534b5e4be4b6482
4beast.com,AVAILABILITY,origin.list,origin.list,2021-04-21 04:43:57.448954,4168e02bb534b5e4be4b6482
4biogas.de,AVAILABILITY,origin.list,origin.list,2021-04-21 04:44:00.901535,4168e02bb534b5e4be4b6482
4bqs.com,AVAILABILITY,origin.list,origin.list,2021-04-21 04:44:04.160830,4168e02bb534b5e4be4b6482
4cock.com,AVAILABILITY,origin.list,origin.list,2021-04-21 04:44:07.419764,4168e02bb534b5e4be4b6482
4ever.cc,AVAILABILITY,origin.list,origin.list,2021-04-21 04:44:10.678054,4168e02bb534b5e4be4b6482
4girlss.com,AVAILABILITY,origin.list,origin.list,2021-04-21 04:44:13.936818,4168e02bb534b5e4be4b6482
4love.info,AVAILABILITY,origin.list,origin.list,2021-04-21 04:44:17.195189,4168e02bb534b5e4be4b6482
4meme.com,AVAILABILITY,origin.list,origin.list,2021-04-21 04:44:20.454375,4168e02bb534b5e4be4b6482
4o64flb.com,AVAILABILITY,origin.list,origin.list,2021-04-21 04:44:23.713241,4168e02bb534b5e4be4b6482
4plus11.com,AVAILABILITY,origin.list,origin.list,2021-04-21 04:44:26.971281,4168e02bb534b5e4be4b6482
4pornxxx.com,AVAILABILITY,origin.list,origin.list,2021-04-21 04:44:30.230096,4168e02bb534b5e4be4b6482
4pp13.com,AVAILABILITY,origin.list,origin.list,2021-04-21 04:44:33.494219,4168e02bb534b5e4be4b6482
4pussies.com,AVAILABILITY,origin.list,origin.list,2021-04-21 04:44:36.753278,4168e02bb534b5e4be4b6482
4realzed.com,AVAILABILITY,origin.list,origin.list,2021-04-21 04:44:40.011965,4168e02bb534b5e4be4b6482
4replicawatch.net,AVAILABILITY,origin.list,origin.list,2021-04-21 04:44:43.270405,4168e02bb534b5e4be4b6482
4takt-oel.de,AVAILABILITY,origin.list,origin.list,2021-04-21 04:44:46.732995,4168e02bb534b5e4be4b6482
4teacher.de,AVAILABILITY,origin.list,origin.list,2021-04-21 04:44:50.184147,4168e02bb534b5e4be4b6482
4th3d48.com,AVAILABILITY,origin.list,origin.list,2021-04-21 04:44:53.444559,4168e02bb534b5e4be4b6482
4u69.com,AVAILABILITY,origin.list,origin.list,2021-04-21 04:44:56.703638,4168e02bb534b5e4be4b6482
4ur.click,AVAILABILITY,origin.list,origin.list,2021-04-21 04:44:59.961940,4168e02bb534b5e4be4b6482
4ureyesonly.com,AVAILABILITY,origin.list,origin.list,2021-04-21 04:45:03.222512,4168e02bb534b5e4be4b6482
4webmasters.com,AVAILABILITY,origin.list,origin.list,2021-04-21 04:45:06.484853,4168e02bb534b5e4be4b6482
4wheel.de,AVAILABILITY,origin.list,origin.list,2021-04-21 04:45:10.064138,4168e02bb534b5e4be4b6482
4xporn.com,AVAILABILITY,origin.list,origin.list,2021-04-21 04:45:13.323235,4168e02bb534b5e4be4b6482
4youcom.com,AVAILABILITY,origin.list,origin.list,2021-04-21 04:45:16.582645,4168e02bb534b5e4be4b6482
50centstreetkingimmortal.com,AVAILABILITY,origin.list,origin.list,2021-04-21 04:45:19.841644,4168e02bb534b5e4be4b6482
50hardcore.galleryprogram.com,AVAILABILITY,origin.list,origin.list,2021-04-21 04:45:23.520798,4168e02bb534b5e4be4b6482
511a.cn,AVAILABILITY,origin.list,origin.list,2021-04-21 04:45:26.779444,4168e02bb534b5e4be4b6482
51.la,AVAILABILITY,origin.list,origin.list,2021-04-21 04:45:30.037981,4168e02bb534b5e4be4b6482
5241.it,AVAILABILITY,origin.list,origin.list,2021-04-21 04:45:33.297453,4168e02bb534b5e4be4b6482
529collegesaving.com,AVAILABILITY,origin.list,origin.list,2021-04-21 04:45:36.558478,4168e02bb534b5e4be4b6482
550a.com,AVAILABILITY,origin.list,origin.list,2021-04-21 04:45:39.817530,4168e02bb534b5e4be4b6482
57883.net,AVAILABILITY,origin.list,origin.list,2021-04-21 04:45:43.076205,4168e02bb534b5e4be4b6482
59cn7.com,AVAILABILITY,origin.list,origin.list,2021-04-21 04:45:46.334913,4168e02bb534b5e4be4b6482
5finder.com,AVAILABILITY,origin.list,origin.list,2021-04-21 04:45:49.593807,4168e02bb534b5e4be4b6482
5forex.ru,AVAILABILITY,origin.list,origin.list,2021-04-21 04:45:52.852445,4168e02bb534b5e4be4b6482
5i2.net,AVAILABILITY,origin.list,origin.list,2021-04-21 04:45:56.111400,4168e02bb534b5e4be4b6482
5kstore.com,AVAILABILITY,origin.list,origin.list,2021-04-21 04:45:59.379234,4168e02bb534b5e4be4b6482
5u.com,AVAILABILITY,origin.list,origin.list,2021-04-21 04:46:02.638511,4168e02bb534b5e4be4b6482
5udt.com,AVAILABILITY,origin.list,origin.list,2021-04-21 04:46:05.897594,4168e02bb534b5e4be4b6482
5wh.co.zw,AVAILABILITY,origin.list,origin.list,2021-04-21 04:46:09.260974,4168e02bb534b5e4be4b6482
5yfi7sy.com,AVAILABILITY,origin.list,origin.list,2021-04-21 04:46:12.520086,4168e02bb534b5e4be4b6482
6000518.com,AVAILABILITY,origin.list,origin.list,2021-04-21 04:46:15.779062,4168e02bb534b5e4be4b6482
60secpanic.com,AVAILABILITY,origin.list,origin.list,2021-04-21 04:46:19.037939,4168e02bb534b5e4be4b6482
65xps.com,AVAILABILITY,origin.list,origin.list,2021-04-21 04:46:22.296660,4168e02bb534b5e4be4b6482
6660003.com,AVAILABILITY,origin.list,origin.list,2021-04-21 04:46:25.558291,4168e02bb534b5e4be4b6482
66av.cc,AVAILABILITY,origin.list,origin.list,2021-04-21 04:46:28.816866,4168e02bb534b5e4be4b6482
69boysex.com,AVAILABILITY,origin.list,origin.list,2021-04-21 04:46:32.078414,4168e02bb534b5e4be4b6482
69er.de,AVAILABILITY,origin.list,origin.list,2021-04-21 04:46:36.455406,4168e02bb534b5e4be4b6482
69net.de,AVAILABILITY,origin.list,origin.list,2021-04-21 04:46:39.994106,4168e02bb534b5e4be4b6482
6amateure.net,AVAILABILITY,origin.list,origin.list,2021-04-21 04:46:43.252674,4168e02bb534b5e4be4b6482
6e.co.kr,AVAILABILITY,origin.list,origin.list,2021-04-21 04:46:46.511054,4168e02bb534b5e4be4b6482
6ftlady.com,AVAILABILITY,origin.list,origin.list,2021-04-21 04:46:49.770282,4168e02bb534b5e4be4b6482
6ox.de,AVAILABILITY,origin.list,origin.list,2021-04-21 04:46:53.339598,4168e02bb534b5e4be4b6482
6server.com,AVAILABILITY,origin.list,origin.list,2021-04-21 04:46:56.598555,4168e02bb534b5e4be4b6482
6stuff.com,AVAILABILITY,origin.list,origin.list,2021-04-21 04:46:59.857545,4168e02bb534b5e4be4b6482
72impala.com,AVAILABILITY,origin.list,origin.list,2021-04-21 04:47:03.114858,4168e02bb534b5e4be4b6482
72-news.com,AVAILABILITY,origin.list,origin.list,2021-04-21 04:47:06.372945,4168e02bb534b5e4be4b6482
777-club.ru,AVAILABILITY,origin.list,origin.list,2021-04-21 04:47:09.631813,4168e02bb534b5e4be4b6482
77sky.de,AVAILABILITY,origin.list,origin.list,2021-04-21 04:47:13.103865,4168e02bb534b5e4be4b6482
78tdd75.com,AVAILABILITY,origin.list,origin.list,2021-04-21 04:47:16.363410,4168e02bb534b5e4be4b6482
791026.com,AVAILABILITY,origin.list,origin.list,2021-04-21 04:47:19.626317,4168e02bb534b5e4be4b6482
7fb.ru,AVAILABILITY,origin.list,origin.list,2021-04-21 04:47:22.889983,4168e02bb534b5e4be4b6482
7gfs.com,AVAILABILITY,origin.list,origin.list,2021-04-21 04:47:26.149085,4168e02bb534b5e4be4b6482
7minuteworkout.com,AVAILABILITY,origin.list,origin.list,2021-04-21 04:47:29.414997,4168e02bb534b5e4be4b6482
7search.com,AVAILABILITY,origin.list,origin.list,2021-04-21 04:47:32.678497,4168e02bb534b5e4be4b6482
7thlegion.ru,AVAILABILITY,origin.list,origin.list,2021-04-21 04:47:35.936947,4168e02bb534b5e4be4b6482
7wind.ru,AVAILABILITY,origin.list,origin.list,2021-04-21 04:47:39.201927,4168e02bb534b5e4be4b6482
7xc4n.com,AVAILABILITY,origin.list,origin.list,2021-04-21 04:47:42.461213,4168e02bb534b5e4be4b6482
7y7.us,AVAILABILITY,origin.list,origin.list,2021-04-21 04:47:45.720204,4168e02bb534b5e4be4b6482
83net.jp,AVAILABILITY,origin.list,origin.list,2021-04-21 04:47:50.006844,4168e02bb534b5e4be4b6482
87w.info,AVAILABILITY,origin.list,origin.list,2021-04-21 04:47:53.265461,4168e02bb534b5e4be4b6482
883zy.com,AVAILABILITY,origin.list,origin.list,2021-04-21 04:47:56.524711,4168e02bb534b5e4be4b6482
888.com,AVAILABILITY,origin.list,origin.list,2021-04-21 04:47:59.783748,4168e02bb534b5e4be4b6482
888-vip.net,AVAILABILITY,origin.list,origin.list,2021-04-21 04:48:03.042487,4168e02bb534b5e4be4b6482
8899804.com,AVAILABILITY,origin.list,origin.list,2021-04-21 04:48:06.299072,4168e02bb534b5e4be4b6482
8fvchzuz.myutilitydomain.com,AVAILABILITY,origin.list,origin.list,2021-04-21 04:48:09.589168,4168e02bb534b5e4be4b6482
8gold.com,AVAILABILITY,origin.list,origin.list,2021-04-21 04:48:12.848455,4168e02bb534b5e4be4b6482
8khmer.com,AVAILABILITY,origin.list,origin.list,2021-04-21 04:48:16.107356,4168e02bb534b5e4be4b6482
8rf.com,AVAILABILITY,origin.list,origin.list,2021-04-21 04:48:19.366570,4168e02bb534b5e4be4b6482
8si.ru,AVAILABILITY,origin.list,origin.list,2021-04-21 04:48:22.624358,4168e02bb534b5e4be4b6482
8streams.com,AVAILABILITY,origin.list,origin.list,2021-04-21 04:48:25.883620,4168e02bb534b5e4be4b6482
8ue9q7i.com,AVAILABILITY,origin.list,origin.list,2021-04-21 04:48:29.143030,4168e02bb534b5e4be4b6482
8xv8.com,AVAILABILITY,origin.list,origin.list,2021-04-21 04:48:32.402295,4168e02bb534b5e4be4b6482
925.lt,AVAILABILITY,origin.list,origin.list,2021-04-21 04:48:35.660957,4168e02bb534b5e4be4b6482
94cdn.com,AVAILABILITY,origin.list,origin.list,2021-04-21 04:48:38.920432,4168e02bb534b5e4be4b6482
97fn1ej0.myutilitydomain.com,AVAILABILITY,origin.list,origin.list,2021-04-21 04:48:42.207879,4168e02bb534b5e4be4b6482
999webdesign.com,AVAILABILITY,origin.list,origin.list,2021-04-21 04:48:45.467192,4168e02bb534b5e4be4b6482
99bthgc.me,AVAILABILITY,origin.list,origin.list,2021-04-21 04:48:48.725876,4168e02bb534b5e4be4b6482
99topnn.info,AVAILABILITY,origin.list,origin.list,2021-04-21 04:48:51.984525,4168e02bb534b5e4be4b6482
9aad7115.amy.gs,AVAILABILITY,origin.list,origin.list,2021-04-21 04:48:55.249472,4168e02bb534b5e4be4b6482
9h7n8.com,AVAILABILITY,origin.list,origin.list,2021-04-21 04:48:58.508785,4168e02bb534b5e4be4b6482
9ics.cn,AVAILABILITY,origin.list,origin.list,2021-04-21 04:49:01.767490,4168e02bb534b5e4be4b6482
9med.net,AVAILABILITY,origin.list,origin.list,2021-04-21 04:49:05.030416,4168e02bb534b5e4be4b6482
9stoneinvestments.com,AVAILABILITY,origin.list,origin.list,2021-04-21 04:49:08.289725,4168e02bb534b5e4be4b6482
9thien.com,AVAILABILITY,origin.list,origin.list,2021-04-21 04:49:11.549112,4168e02bb534b5e4be4b6482
a0152829.xsph.ru,AVAILABILITY,origin.list,origin.list,2021-04-21 04:49:15.568397,4168e02bb534b5e4be4b6482
a1thumbpost.com,AVAILABILITY,origin.list,origin.list,2021-04-21 04:49:18.830004,4168e02bb534b5e4be4b6482
a2btrans.pl,AVAILABILITY,origin.list,origin.list,2021-04-21 04:49:22.088868,4168e02bb534b5e4be4b6482
a2sex.com,AVAILABILITY,origin.list,origin.list,2021-04-21 04:49:25.348154,4168e02bb534b5e4be4b6482
a2zgroup.in,AVAILABILITY,origin.list,origin.list,2021-04-21 04:49:28.607133,4168e02bb534b5e4be4b6482
a460.cell.phone.ringtone.samsung.sms13.de,AVAILABILITY,origin.list,origin.list,2021-04-21 04:49:33.178223,4168e02bb534b5e4be4b6482
a-5.info,AVAILABILITY,origin.list,origin.list,2021-04-21 04:49:36.438123,4168e02bb534b5e4be4b6482
a85.info,AVAILABILITY,origin.list,origin.list,2021-04-21 04:49:39.696832,4168e02bb534b5e4be4b6482
a94.info,AVAILABILITY,origin.list,origin.list,2021-04-21 04:49:42.955390,4168e02bb534b5e4be4b6482
aa81bf391151884adfa3dd677e41f94be1.com,AVAILABILITY,origin.list,origin.list,2021-04-21 04:49:46.216897,4168e02bb534b5e4be4b6482
aaannuairex.com,AVAILABILITY,origin.list,origin.list,2021-04-21 04:49:49.479098,4168e02bb534b5e4be4b6482
aaaurgentcare.net,AVAILABILITY,origin.list,origin.list,2021-04-21 04:49:52.738085,4168e02bb534b5e4be4b6482
aab94f698f36684c5a852a2ef272e031bb.com,AVAILABILITY,origin.list,origin.list,2021-04-21 04:49:55.999532,4168e02bb534b5e4be4b6482
aadroid.net,AVAILABILITY,origin.list,origin.list,2021-04-21 04:49:59.258827,4168e02bb534b5e4be4b6482
aadultwork.com,AVAILABILITY,origin.list,origin.list,2021-04-21 04:50:02.518364,4168e02bb534b5e4be4b6482
a.ajkelra.com,AVAILABILITY,origin.list,origin.list,2021-04-21 04:50:07.062705,4168e02bb534b5e4be4b6482
aalures.com,AVAILABILITY,origin.list,origin.list,2021-04-21 04:50:10.321834,4168e02bb534b5e4be4b6482
aanqylta.com,AVAILABILITY,origin.list,origin.list,2021-04-21 04:50:13.581027,4168e02bb534b5e4be4b6482
a.applvn.com,AVAILABILITY,origin.list,origin.list,2021-04-21 04:50:17.262340,4168e02bb534b5e4be4b6482
aapz.com,AVAILABILITY,origin.list,origin.list,2021-04-21 04:50:20.521757,4168e02bb534b5e4be4b6482
aarbur.com,AVAILABILITY,origin.list,origin.list,2021-04-21 04:50:23.780856,4168e02bb534b5e4be4b6482
aaronabel.com,AVAILABILITY,origin.list,origin.list,2021-04-21 04:50:27.040149,4168e02bb534b5e4be4b6482
aaronautosandtrucks.com,AVAILABILITY,origin.list,origin.list,2021-04-21 04:50:30.299610,4168e02bb534b5e4be4b6482
aashyamayro.com,AVAILABILITY,origin.list,origin.list,2021-04-21 04:50:33.558978,4168e02bb534b5e4be4b6482
a.avalhukof.com,AVAILABILITY,origin.list,origin.list,2021-04-21 04:50:38.123319,4168e02bb534b5e4be4b6482
ab199.de,AVAILABILITY,origin.list,origin.list,2021-04-21 04:50:41.581348,4168e02bb534b5e4be4b6482
abacusnet.info,AVAILABILITY,origin.list,origin.list,2021-04-21 04:50:44.840359,4168e02bb534b5e4be4b6482
abacuspresents.com,AVAILABILITY,origin.list,origin.list,2021-04-21 04:50:48.099225,4168e02bb534b5e4be4b6482
abadass.com,AVAILABILITY,origin.list,origin.list,2021-04-21 04:50:51.362789,4168e02bb534b5e4be4b6482
abbanreddy.com,AVAILABILITY,origin.list,origin.list,2021-04-21 04:50:54.621912,4168e02bb534b5e4be4b6482
abbeyxxx.com,AVAILABILITY,origin.list,origin.list,2021-04-21 04:50:57.881154,4168e02bb534b5e4be4b6482
abbywintersnudes.thumblogger.com,AVAILABILITY,origin.list,origin.list,2021-04-21 04:51:01.587948,4168e02bb534b5e4be4b6482
abclauncher.com,AVAILABILITY,origin.list,origin.list,2021-04-21 04:51:04.847480,4168e02bb534b5e4be4b6482
abcsex.dk,AVAILABILITY,origin.list,origin.list,2021-04-21 04:51:08.106144,4168e02bb534b5e4be4b6482
abctoppictures.net,AVAILABILITY,origin.list,origin.list,2021-04-21 04:51:11.365196,4168e02bb534b5e4be4b6482
abdicted.com,AVAILABILITY,origin.list,origin.list,2021-04-21 04:51:14.624737,4168e02bb534b5e4be4b6482
abdl-adult-baby-phone-sex.info,AVAILABILITY,origin.list,origin.list,2021-04-21 04:51:17.884231,4168e02bb534b5e4be4b6482
abdlphone.com,AVAILABILITY,origin.list,origin.list,2021-04-21 04:51:21.143645,4168e02bb534b5e4be4b6482
abetran.com,AVAILABILITY,origin.list,origin.list,2021-04-21 04:51:24.403189,4168e02bb534b5e4be4b6482
abetting.net,AVAILABILITY,origin.list,origin.list,2021-04-21 04:51:27.662069,4168e02bb534b5e4be4b6482
ablefull.com,AVAILABILITY,origin.list,origin.list,2021-04-21 04:51:30.921421,4168e02bb534b5e4be4b6482
abogadodejacksonville.com,AVAILABILITY,origin.list,origin.list,2021-04-21 04:51:34.180950,4168e02bb534b5e4be4b6482
abonne100.free.fr,AVAILABILITY,origin.list,origin.list,2021-04-21 04:51:39.468292,4168e02bb534b5e4be4b6482
abouthomesdecorating.com,AVAILABILITY,origin.list,origin.list,2021-04-21 04:51:42.727707,4168e02bb534b5e4be4b6482
aboutproperty.co.uk,AVAILABILITY,origin.list,origin.list,2021-04-21 04:51:45.986476,4168e02bb534b5e4be4b6482
above.com,AVAILABILITY,origin.list,origin.list,2021-04-21 04:51:49.247400,4168e02bb534b5e4be4b6482
abrahamschildren.com,AVAILABILITY,origin.list,origin.list,2021-04-21 04:51:52.509283,4168e02bb534b5e4be4b6482
absolute-live.com,AVAILABILITY,origin.list,origin.list,2021-04-21 04:51:55.768532,4168e02bb534b5e4be4b6482
ab.teenx.free.fr,AVAILABILITY,origin.list,origin.list,2021-04-21 04:52:01.085476,4168e02bb534b5e4be4b6482
acads.net,AVAILABILITY,origin.list,origin.list,2021-04-21 04:52:04.344474,4168e02bb534b5e4be4b6482
account.paypal-inc.tribesiren.com,AVAILABILITY,origin.list,origin.list,2021-04-21 04:52:08.027209,4168e02bb534b5e4be4b6482
acenar.com,AVAILABILITY,origin.list,origin.list,2021-04-21 04:52:11.286853,4168e02bb534b5e4be4b6482
acheterviagrafr24.com,AVAILABILITY,origin.list,origin.list,2021-04-21 04:52:14.546479,4168e02bb534b5e4be4b6482
achterin.nl,AVAILABILITY,origin.list,origin.list,2021-04-21 04:52:18.433460,4168e02bb534b5e4be4b6482
aciklise.web.tr,AVAILABILITY,origin.list,origin.list,2021-04-21 04:52:21.694198,4168e02bb534b5e4be4b6482
acimo.com,AVAILABILITY,origin.list,origin.list,2021-04-21 04:52:24.953513,4168e02bb534b5e4be4b6482
acmmarketingdigital.com.br,AVAILABILITY,origin.list,origin.list,2021-04-21 04:52:28.214394,4168e02bb534b5e4be4b6482
acmsa.com.ar,AVAILABILITY,origin.list,origin.list,2021-04-21 04:52:31.473362,4168e02bb534b5e4be4b6482
acneforums.com,AVAILABILITY,origin.list,origin.list,2021-04-21 04:52:34.734996,4168e02bb534b5e4be4b6482
acompanhantesbrasil.com.br,AVAILABILITY,origin.list,origin.list,2021-04-21 04:52:37.992344,4168e02bb534b5e4be4b6482
acompanhantesdeportugal.com,AVAILABILITY,origin.list,origin.list,2021-04-21 04:52:41.258900,4168e02bb534b5e4be4b6482
acornpointlodge.com,AVAILABILITY,origin.list,origin.list,2021-04-21 04:52:44.517454,4168e02bb534b5e4be4b6482
acoustoopticmodulator.com,AVAILABILITY,origin.list,origin.list,2021-04-21 04:52:47.776752,4168e02bb534b5e4be4b6482
acpbdf.com.br,AVAILABILITY,origin.list,origin.list,2021-04-21 04:52:51.036511,4168e02bb534b5e4be4b6482
acproyectos.com,AVAILABILITY,origin.list,origin.list,2021-04-21 04:52:54.295934,4168e02bb534b5e4be4b6482
acrh.be,AVAILABILITY,origin.list,origin.list,2021-04-21 04:52:57.842195,4168e02bb534b5e4be4b6482
acrowiswhite.com,AVAILABILITY,origin.list,origin.list,2021-04-21 04:53:01.102954,4168e02bb534b5e4be4b6482
actionmobilemarine.net,AVAILABILITY,origin.list,origin.list,2021-04-21 04:53:04.362019,4168e02bb534b5e4be4b6482
actionnooz.com,AVAILABILITY,origin.list,origin.list,2021-04-21 04:53:07.622060,4168e02bb534b5e4be4b6482
activeideas.net,AVAILABILITY,origin.list,origin.list,2021-04-21 04:53:10.881567,4168e02bb534b5e4be4b6482
activepr.ru,AVAILABILITY,origin.list,origin.list,2021-04-21 04:53:14.140549,4168e02bb534b5e4be4b6482
activewatch.ro,AVAILABILITY,origin.list,origin.list,2021-04-21 04:53:17.406129,4168e02bb534b5e4be4b6482
ac-transfer.com,AVAILABILITY,origin.list,origin.list,2021-04-21 04:53:20.665703,4168e02bb534b5e4be4b6482
actricesmexicanasdesnudas.com,AVAILABILITY,origin.list,origin.list,2021-04-21 04:53:23.925215,4168e02bb534b5e4be4b6482
actulite.com,AVAILABILITY,origin.list,origin.list,2021-04-21 04:53:27.184791,4168e02bb534b5e4be4b6482
ad.bubblestat.com,AVAILABILITY,origin.list,origin.list,2021-04-21 04:53:31.025975,4168e02bb534b5e4be4b6482
adrunnr.com,AVAILABILITY,origin.list,origin.list,2021-04-21 04:53:34.286755,4168e02bb534b5e4be4b6482
ahasex.de,AVAILABILITY,origin.list,origin.list,2021-04-21 04:53:37.735050,4168e02bb534b5e4be4b6482
airmore.co,AVAILABILITY,origin.list,origin.list,2021-04-21 04:53:40.993957,4168e02bb534b5e4be4b6482
airnetinfotech.com,AVAILABILITY,origin.list,origin.list,2021-04-21 04:53:44.253615,4168e02bb534b5e4be4b6482
airpb.com,AVAILABILITY,origin.list,origin.list,2021-04-21 04:53:47.513225,4168e02bb534b5e4be4b6482
airportsys.com,AVAILABILITY,origin.list,origin.list,2021-04-21 04:53:50.772685,4168e02bb534b5e4be4b6482
aisiansex.com,AVAILABILITY,origin.list,origin.list,2021-04-21 04:53:54.032215,4168e02bb534b5e4be4b6482
ajansyenimedya.com,AVAILABILITY,origin.list,origin.list,2021-04-21 04:53:57.291810,4168e02bb534b5e4be4b6482
ajkzd9h.com,AVAILABILITY,origin.list,origin.list,2021-04-21 04:54:00.551261,4168e02bb534b5e4be4b6482
akaflieg-sb.de,AVAILABILITY,origin.list,origin.list,2021-04-21 04:54:04.004572,4168e02bb534b5e4be4b6482
akama.com,AVAILABILITY,origin.list,origin.list,2021-04-21 04:54:07.261147,4168e02bb534b5e4be4b6482
akariyer.com,AVAILABILITY,origin.list,origin.list,2021-04-21 04:54:10.520919,4168e02bb534b5e4be4b6482
