idna_subject,checker_type,destination,tested_at
1000russianwomen.com,AVAILABILITY,origin.list,2023-06-15 05:21:50.014067
1-free-share-buttons.com,AVAILABILITY,origin.list,2023-06-15 05:21:51.847520
2gay.net,AVAILABILITY,origin.list,2023-06-15 05:21:52.328161
2lesbians.net,AVAILABILITY,origin.list,2023-06-15 05:21:52.635149
2.speedknow.co,AVAILABILITY,origin.list,2023-06-15 05:21:53.790478
3dcgfx.net,AVAILABILITY,origin.list,2023-06-15 05:21:54.689176
101raccoon.ru,AVAILABILITY,origin.list,2023-06-15 05:21:55.448441
3-letter-domains.net,AVAILABILITY,origin.list,2023-06-15 05:21:56.035950
777-club.ru,AVAILABILITY,origin.list,2023-06-15 05:21:58.130516
akita.kz,AVAILABILITY,origin.list,2023-06-15 05:21:59.046953
aliclonepro.xyz,AVAILABILITY,origin.list,2023-06-15 05:22:00.592193
alfa-medosmotr.ru,AVAILABILITY,origin.list,2023-06-15 05:22:01.018691
www.alblux.com,AVAILABILITY,origin.list,2023-06-15 05:22:01.077929
anal-pictures.biz,AVAILABILITY,origin.list,2023-06-15 05:22:02.110537
7thlegion.ru,AVAILABILITY,origin.list,2023-06-15 05:22:02.601637
allamericanmadetoys.com,AVAILABILITY,origin.list,2023-06-15 05:22:02.708197
avon-severozapad.ru,AVAILABILITY,origin.list,2023-06-15 05:22:03.803175
avoidfilter.net,AVAILABILITY,origin.list,2023-06-15 05:22:03.918054
community.allhiphop.com,AVAILABILITY,origin.list,2023-06-15 05:22:04.741635
csgo-jackpot.net,AVAILABILITY,origin.list,2023-06-15 05:22:04.837415
everytalk.tv,AVAILABILITY,origin.list,2023-06-15 05:22:06.015222
www.12research.com,AVAILABILITY,origin.list,2023-06-15 05:22:06.433512
www.17youzi.com,AVAILABILITY,origin.list,2023-06-15 05:22:07.511821
activepr.ru,AVAILABILITY,origin.list,2023-06-15 05:22:07.725788
www.4girlss.com,AVAILABILITY,origin.list,2023-06-15 05:22:08.045682
5forex.ru,AVAILABILITY,origin.list,2023-06-15 05:22:08.294482
www.24tradeplus.com,AVAILABILITY,origin.list,2023-06-15 05:22:09.118210
cif.su,AVAILABILITY,origin.list,2023-06-15 05:22:09.936644
www.4youcom.com,AVAILABILITY,origin.list,2023-06-15 05:22:10.046641
www.100shemales.com,AVAILABILITY,origin.list,2023-06-15 05:22:09.799606
www.50centstreetkingimmortal.com,AVAILABILITY,origin.list,2023-06-15 05:22:10.973945
www.8khmer.com,AVAILABILITY,origin.list,2023-06-15 05:22:11.299406
www.acompanhantesdeportugal.com,AVAILABILITY,origin.list,2023-06-15 05:22:13.219636
www.akita.kz,AVAILABILITY,origin.list,2023-06-15 05:22:13.383453
www.actionnooz.com,AVAILABILITY,origin.list,2023-06-15 05:22:13.481234
aksonural.ru,AVAILABILITY,origin.list,2023-06-15 05:22:13.663898
www.8si.ru,AVAILABILITY,origin.list,2023-06-15 05:22:14.325571
www.analpics.net,AVAILABILITY,origin.list,2023-06-15 05:22:16.112983
www.amateursconvert.com,AVAILABILITY,origin.list,2023-06-15 05:22:16.183235
www.backgroundpictures.net,AVAILABILITY,origin.list,2023-06-15 05:22:16.301660
www.back.dog,AVAILABILITY,origin.list,2023-06-15 05:22:16.352522
www.alif-ba-ta.com,AVAILABILITY,origin.list,2023-06-15 05:22:16.672001
www.cialisforsalecialiscostcye.com,AVAILABILITY,origin.list,2023-06-15 05:22:17.880707
www.cinemabio.com,AVAILABILITY,origin.list,2023-06-15 05:22:18.720560
www.everestclick.com,AVAILABILITY,origin.list,2023-06-15 05:22:18.745264
www.amateurwifevids.com,AVAILABILITY,origin.list,2023-06-15 05:22:19.092085
www.cinema3satu.com,AVAILABILITY,origin.list,2023-06-15 05:22:19.267467
www.0lovespells0.blogspot.com,AVAILABILITY,origin.list,2023-06-15 05:22:20.942285
www.kartlab.it,AVAILABILITY,origin.list,2023-06-15 05:22:21.300693
www.69net.de,AVAILABILITY,origin.list,2023-06-15 05:22:22.730294
www.cs-gra.pl,AVAILABILITY,origin.list,2023-06-15 05:22:23.124198
www.5forex.ru,AVAILABILITY,origin.list,2023-06-15 05:22:23.700957
www.8xv8.com,AVAILABILITY,origin.list,2023-06-15 05:22:24.068981
www.amwatching.com,AVAILABILITY,origin.list,2023-06-15 05:22:26.325324
www.0900-telefonerotik.de,AVAILABILITY,origin.list,2023-06-15 05:22:26.816152
www.activepr.ru,AVAILABILITY,origin.list,2023-06-15 05:22:27.304025
www.5kstore.com,AVAILABILITY,origin.list,2023-06-15 05:22:27.098749
www.crystalslot.com,AVAILABILITY,origin.list,2023-06-15 05:22:28.258857
www.amung.us,AVAILABILITY,origin.list,2023-06-15 05:22:29.631694
www.activewatch.ro,AVAILABILITY,origin.list,2023-06-15 05:22:30.583664
www.cialiswithoutadoctor.net,AVAILABILITY,origin.list,2023-06-15 05:22:31.050233
www.anal-acrobats.com,AVAILABILITY,origin.list,2023-06-15 05:22:31.353051
www.angelalittle.net,AVAILABILITY,origin.list,2023-06-15 05:22:34.249219
www.ampower.me,AVAILABILITY,origin.list,2023-06-15 05:22:34.227186
www.compassenergyservices.com,AVAILABILITY,origin.list,2023-06-15 05:22:36.821287
www.7wind.ru,AVAILABILITY,origin.list,2023-06-15 05:22:38.430344
www.evile.co.uk,AVAILABILITY,origin.list,2023-06-15 05:22:39.318021
www.alini.de,AVAILABILITY,origin.list,2023-06-15 05:22:39.362814
www.akusherok.ru,AVAILABILITY,origin.list,2023-06-15 05:22:40.248403
www.evil69.com,AVAILABILITY,origin.list,2023-06-15 05:22:43.262824
www.alfapro.ru,AVAILABILITY,origin.list,2023-06-15 05:22:43.495436
www.girlporn.ru,AVAILABILITY,origin.list,2023-06-15 05:22:45.076755
www.albamargroup.com,AVAILABILITY,origin.list,2023-06-15 05:22:45.565556
www.every-day.net,AVAILABILITY,origin.list,2023-06-15 05:22:47.325121
www.100dollars-seo.com,AVAILABILITY,origin.list,2023-06-15 05:22:47.603261
www.freehornygirls.com,AVAILABILITY,origin.list,2023-06-15 05:22:48.484466
www.farmafit.it,AVAILABILITY,origin.list,2023-06-15 05:22:49.194212
www.godrix.com,AVAILABILITY,origin.list,2023-06-15 05:22:50.644237
www.foone.com.br,AVAILABILITY,origin.list,2023-06-15 05:22:51.164987
www.greatfireoflondon.org.uk,AVAILABILITY,origin.list,2023-06-15 05:22:52.423492
www.family1st.ca,AVAILABILITY,origin.list,2023-06-15 05:22:55.712337
www.akariyer.com,AVAILABILITY,origin.list,2023-06-15 05:22:57.135088
www.communisave.co.za,AVAILABILITY,origin.list,2023-06-15 05:23:00.496704
www.anal-love.net,AVAILABILITY,origin.list,2023-06-15 05:23:01.005355
www.anatomytrains.co.uk,AVAILABILITY,origin.list,2023-06-15 05:23:02.551895
www.anal-pictures.biz,AVAILABILITY,origin.list,2023-06-15 05:23:04.279252
1-2fly-befragung.de,AVAILABILITY,origin.list,2023-06-15 05:23:07.370593
www.huisvrouwen.be,AVAILABILITY,origin.list,2023-06-15 05:23:07.926792
anale-seks.nl,AVAILABILITY,origin.list,2023-06-15 05:23:09.388336
www.3d-daughter-list.info,AVAILABILITY,origin.list,2023-06-15 05:23:10.511842
www.alarmobninsk.ru,AVAILABILITY,origin.list,2023-06-15 05:23:15.849757
www.greatgrace.ru,AVAILABILITY,origin.list,2023-06-15 05:23:16.934540
www.gracecore.com,AVAILABILITY,origin.list,2023-06-15 05:23:19.230479
www.hygar.com,AVAILABILITY,origin.list,2023-06-15 05:23:19.686667
www.android-style.com,AVAILABILITY,origin.list,2023-06-15 05:23:21.068232
www.2005-search.com,AVAILABILITY,origin.list,2023-06-15 05:23:22.861996
www.hybrid.ru,AVAILABILITY,origin.list,2023-06-15 05:23:23.541314
www.3-letter-domains.net,AVAILABILITY,origin.list,2023-06-15 05:23:24.791988
www.3-dauto.com,AVAILABILITY,origin.list,2023-06-15 05:23:25.098727
www.allo-sexe.com,AVAILABILITY,origin.list,2023-06-15 05:23:26.048080
www.ac-transfer.com,AVAILABILITY,origin.list,2023-06-15 05:23:26.387989
www.1-2fly-befragung.de,AVAILABILITY,origin.list,2023-06-15 05:23:27.145865
www.companies-catalog.com,AVAILABILITY,origin.list,2023-06-15 05:23:27.640293
www.anale-seks.nl,AVAILABILITY,origin.list,2023-06-15 05:23:28.649291
www.euro-option.info,AVAILABILITY,origin.list,2023-06-15 05:23:29.266978
www.amateursexplace.com,AVAILABILITY,origin.list,2023-06-15 05:23:30.180614
www.manufacta-italia.it,AVAILABILITY,origin.list,2023-06-15 05:23:30.546002
baby-soft.ca,AVAILABILITY,origin.list,2023-06-15 05:23:31.145933
www.pipenv.org,AVAILABILITY,origin.list,2023-06-15 05:23:32.383426
www.hymen-defloration.info,AVAILABILITY,origin.list,2023-06-15 05:23:33.824784
www.contextualyield.com,AVAILABILITY,origin.list,2023-06-15 05:23:33.989994
www.2girls1cumshot.com,AVAILABILITY,origin.list,2023-06-15 05:23:35.359185
www.01-sex-amateur.info,AVAILABILITY,origin.list,2023-06-15 05:23:36.627381
www.great-comics.com,AVAILABILITY,origin.list,2023-06-15 05:23:37.532475
www.acrowiswhite.com,AVAILABILITY,origin.list,2023-06-15 05:23:37.716880
www.h-villamotel.com,AVAILABILITY,origin.list,2023-06-15 05:23:39.095947
www.nobuomo.it,AVAILABILITY,origin.list,2023-06-15 05:23:39.348623
www.hydropump.su,AVAILABILITY,origin.list,2023-06-15 05:23:39.896106
www.2lesbians.net,AVAILABILITY,origin.list,2023-06-15 05:23:41.166534
www.avitocars.ru,AVAILABILITY,origin.list,2023-06-15 05:23:41.391238
www.live1powerlife.com,AVAILABILITY,origin.list,2023-06-15 05:23:42.099402
www.backvids.com,AVAILABILITY,origin.list,2023-06-15 05:23:42.667944
www.idc.com.ua,AVAILABILITY,origin.list,2023-06-15 05:23:42.627184
www.chalet-volpi.it,AVAILABILITY,origin.list,2023-06-15 05:23:43.317106
www.2gay.net,AVAILABILITY,origin.list,2023-06-15 05:23:43.992832
www.progettazione-integrata.it,AVAILABILITY,origin.list,2023-06-15 05:23:45.214753
www.maincert.com,AVAILABILITY,origin.list,2023-06-15 05:23:45.305605
www.abdl-adult-baby-phone-sex.info,AVAILABILITY,origin.list,2023-06-15 05:23:46.366870
www.hyipmanager.in,AVAILABILITY,origin.list,2023-06-15 05:23:46.567814
www.18freeporn.com,AVAILABILITY,origin.list,2023-06-15 05:23:46.677945
www.138shenbosbo.com,AVAILABILITY,origin.list,2023-06-15 05:23:46.684885
www.hut1.ru,AVAILABILITY,origin.list,2023-06-15 05:23:47.697801
www.271395.com,AVAILABILITY,origin.list,2023-06-15 05:23:48.063045
www.alfa-search.com,AVAILABILITY,origin.list,2023-06-15 05:23:48.227968
www.24holdem.com,AVAILABILITY,origin.list,2023-06-15 05:23:48.458642
www.alabamabackpage.com,AVAILABILITY,origin.list,2023-06-15 05:23:48.578073
www.aab94f698f36684c5a852a2ef272e031bb.com,AVAILABILITY,origin.list,2023-06-15 05:23:49.475888
www.18pluscard.com,AVAILABILITY,origin.list,2023-06-15 05:23:49.497069
a.avalhukof.com,AVAILABILITY,origin.list,2023-06-15 05:23:50.082089
www.2daytrendingnews.com,AVAILABILITY,origin.list,2023-06-15 05:23:50.192228
www.1001lingerie.com,AVAILABILITY,origin.list,2023-06-15 05:23:50.859176
www.9stoneinvestments.com,AVAILABILITY,origin.list,2023-06-15 05:23:51.874504
www.65xps.com,AVAILABILITY,origin.list,2023-06-15 05:23:52.151552
www.iclsas.com,AVAILABILITY,origin.list,2023-06-15 05:23:52.634032
www.777-club.ru,AVAILABILITY,origin.list,2023-06-15 05:23:53.206827
www.1314dh.com,AVAILABILITY,origin.list,2023-06-15 05:23:53.986471
a.ajkelra.com,AVAILABILITY,origin.list,2023-06-15 05:23:54.725494
www.avon-severozapad.ru,AVAILABILITY,origin.list,2023-06-15 05:23:55.069208
www.8899804.com,AVAILABILITY,origin.list,2023-06-15 05:23:55.241091
www.glopages.ru,AVAILABILITY,origin.list,2023-06-15 05:23:55.362104
www.60secpanic.com,AVAILABILITY,origin.list,2023-06-15 05:23:56.414247
1.114central.com,AVAILABILITY,origin.list,2023-06-15 05:23:57.070288
www.6stuff.com,AVAILABILITY,origin.list,2023-06-15 05:23:57.588617
www.365locksmithsminneapolis.com,AVAILABILITY,origin.list,2023-06-15 05:23:57.939368
www.cooknfit.com,AVAILABILITY,origin.list,2023-06-15 05:23:59.322512
www.backlink4u.net,AVAILABILITY,origin.list,2023-06-15 05:23:59.503746
www.3dcgfx.net,AVAILABILITY,origin.list,2023-06-15 05:23:59.554459
www.14teen.com,AVAILABILITY,origin.list,2023-06-15 05:23:59.615167
www.evidencecleanergold.com,AVAILABILITY,origin.list,2023-06-15 05:24:01.095391
www.2p9fyvx.com,AVAILABILITY,origin.list,2023-06-15 05:24:01.135402
www.grabbersex.com,AVAILABILITY,origin.list,2023-06-15 05:24:02.137849
www.791026.com,AVAILABILITY,origin.list,2023-06-15 05:24:02.789474
www.babywantsbling.com,AVAILABILITY,origin.list,2023-06-15 05:24:02.869040
www.freeindiangals.com,AVAILABILITY,origin.list,2023-06-15 05:24:03.712357
www.ico.re,AVAILABILITY,origin.list,2023-06-15 05:24:03.665151
www.ciceklioglu.com,AVAILABILITY,origin.list,2023-06-15 05:24:04.638256
www.anews.cc,AVAILABILITY,origin.list,2023-06-15 05:24:04.683424
www.idealtits.net,AVAILABILITY,origin.list,2023-06-15 05:24:05.277611
www.greatamericansexdiet.com,AVAILABILITY,origin.list,2023-06-15 05:24:05.630233
www.aliclonepro.xyz,AVAILABILITY,origin.list,2023-06-15 05:24:05.711426
www.communitypetclinicmanteca.com,AVAILABILITY,origin.list,2023-06-15 05:24:06.099035
www.5udt.com,AVAILABILITY,origin.list,2023-06-15 05:24:06.475272
www.evesaddictin.com,AVAILABILITY,origin.list,2023-06-15 05:24:07.374084
www.6660003.com,AVAILABILITY,origin.list,2023-06-15 05:24:07.684636
freeuploader.ml,AVAILABILITY,origin.list,2023-06-15 05:24:07.753797
www.spacebridemag.com,AVAILABILITY,origin.list,2023-06-15 05:24:08.257733
www.cinematraffic.com,AVAILABILITY,origin.list,2023-06-15 05:24:08.401009
01-sex-amateur.info,AVAILABILITY,origin.list,2023-06-15 05:24:09.389874
www.ethnicafrique.com,AVAILABILITY,origin.list,2023-06-15 05:24:10.226473
www.aciklise.web.tr,AVAILABILITY,origin.list,2023-06-15 05:24:10.654411
www.2020iscoming.info,AVAILABILITY,origin.list,2023-06-15 05:24:10.852629
www.hyipbrowser.biz,AVAILABILITY,origin.list,2023-06-15 05:24:10.982720
informazionicoronavirus.it,AVAILABILITY,origin.list,2023-06-15 05:24:11.609998
www.1000russianwomen.com,AVAILABILITY,origin.list,2023-06-15 05:24:12.054783
www.0azx1.com,AVAILABILITY,origin.list,2023-06-15 05:24:12.816027
www.anal.cx,AVAILABILITY,origin.list,2023-06-15 05:24:12.960767
www.3weekdiet.com,AVAILABILITY,origin.list,2023-06-15 05:24:13.096272
starebenesipuo.it,AVAILABILITY,origin.list,2023-06-15 05:24:13.428573
0900-telefonerotik.de,AVAILABILITY,origin.list,2023-06-15 05:24:14.384545
www.ferser.it,AVAILABILITY,origin.list,2023-06-15 05:24:14.546812
www.1re.info,AVAILABILITY,origin.list,2023-06-15 05:24:14.685051
www.abdicted.com,AVAILABILITY,origin.list,2023-06-15 05:24:14.747735
www.lacasadialicedesenzano.it,AVAILABILITY,origin.list,2023-06-15 05:24:16.009324
www.87w.info,AVAILABILITY,origin.list,2023-06-15 05:24:16.145470
www.tigustolanostracucina.it,AVAILABILITY,origin.list,2023-06-15 05:24:16.555722
www.a94.info,AVAILABILITY,origin.list,2023-06-15 05:24:16.776803
www.2mj.pl,AVAILABILITY,origin.list,2023-06-15 05:24:17.152939
www.rosafondente.it,AVAILABILITY,origin.list,2023-06-15 05:24:17.523432
www.idrct.com,AVAILABILITY,origin.list,2023-06-15 05:24:17.715372
www.fincert.it,AVAILABILITY,origin.list,2023-06-15 05:24:17.880803
www.damafinimmobiliare.it,AVAILABILITY,origin.list,2023-06-15 05:24:18.987490
www.freeuploader.ml,AVAILABILITY,origin.list,2023-06-15 05:24:19.454605
www.4plus11.com,AVAILABILITY,origin.list,2023-06-15 05:24:19.635062
www.barmillevani.it,AVAILABILITY,origin.list,2023-06-15 05:24:20.014968
www.casalespinazzella.it,AVAILABILITY,origin.list,2023-06-15 05:24:20.449299
www.azulerie.it,AVAILABILITY,origin.list,2023-06-15 05:24:20.838683
www.gustomagro.it,AVAILABILITY,origin.list,2023-06-15 05:24:20.903488
www.eremogaudio.it,AVAILABILITY,origin.list,2023-06-15 05:24:21.314658
www.alexxxxpages.info,AVAILABILITY,origin.list,2023-06-15 05:24:21.510947
www.solidmaker.it,AVAILABILITY,origin.list,2023-06-15 05:24:22.209639
www.cascinamolinodellapaglia.it,AVAILABILITY,origin.list,2023-06-15 05:24:22.412493
www.9ics.cn,AVAILABILITY,origin.list,2023-06-15 05:24:22.542756
www.ristorantebiri.it,AVAILABILITY,origin.list,2023-06-15 05:24:22.954388
www.distribuzionevolantinaggio.it,AVAILABILITY,origin.list,2023-06-15 05:24:23.046337
www.picura.it,AVAILABILITY,origin.list,2023-06-15 05:24:24.815955
www.futurouomo.it,AVAILABILITY,origin.list,2023-06-15 05:24:25.013420
www.arsinvest.it,AVAILABILITY,origin.list,2023-06-15 05:24:25.295072
www.a2btrans.pl,AVAILABILITY,origin.list,2023-06-15 05:24:25.434148
www.anchorwheelmotel.com.au,AVAILABILITY,origin.list,2023-06-15 05:24:26.143554
anchorwheelmotel.com.au,AVAILABILITY,origin.list,2023-06-15 05:24:26.510833
www.essereessenza.it,AVAILABILITY,origin.list,2023-06-15 05:24:26.585268
www.infogiovanialtopavese.it,AVAILABILITY,origin.list,2023-06-15 05:24:27.100345
www.7fb.ru,AVAILABILITY,origin.list,2023-06-15 05:24:28.341148
www.nerodavolasicilia.it,AVAILABILITY,origin.list,2023-06-15 05:24:28.674921
www.acpbdf.com.br,AVAILABILITY,origin.list,2023-06-15 05:24:28.687441
www.casaemily.it,AVAILABILITY,origin.list,2023-06-15 05:24:29.000824
www.habanerotaqueria.it,AVAILABILITY,origin.list,2023-06-15 05:24:29.036918
www.laanchoa.it,AVAILABILITY,origin.list,2023-06-15 05:24:30.025213
www.ristorante53.it,AVAILABILITY,origin.list,2023-06-15 05:24:30.517256
www.cingualr.com,AVAILABILITY,origin.list,2023-06-15 05:24:31.157128
kiwi237au.tk,AVAILABILITY,origin.list,2023-06-15 05:24:31.526161
www.alirey.com,AVAILABILITY,origin.list,2023-06-15 05:24:31.891379
www.maxtek.it,AVAILABILITY,origin.list,2023-06-15 05:24:32.658548
2wink.com.au,AVAILABILITY,origin.list,2023-06-15 05:24:34.788734
www.aboutproperty.co.uk,AVAILABILITY,origin.list,2023-06-15 05:24:35.095493
www.acimo.com,AVAILABILITY,origin.list,2023-06-15 05:24:34.944731
www.2kata.ru,AVAILABILITY,origin.list,2023-06-15 05:24:35.811902
www.acenar.com,AVAILABILITY,origin.list,2023-06-15 05:24:37.333969
www.aktivator-windows10.blogspot.com,AVAILABILITY,origin.list,2023-06-15 05:24:37.412648
www.actionmobilemarine.net,AVAILABILITY,origin.list,2023-06-15 05:24:37.465693
www.2wink.com.au,AVAILABILITY,origin.list,2023-06-15 05:24:38.049617
www.akama.com,AVAILABILITY,origin.list,2023-06-15 05:24:39.494103
www.03p.info,AVAILABILITY,origin.list,2023-06-15 05:24:41.568566
www.aksonural.ru,AVAILABILITY,origin.list,2023-06-15 05:24:42.550804
www.absolute-live.com,AVAILABILITY,origin.list,2023-06-15 05:24:42.943939
www.101flag.ru,AVAILABILITY,origin.list,2023-06-15 05:24:44.427502
www.12xhardcore.com,AVAILABILITY,origin.list,2023-06-15 05:24:45.987912
www.7thlegion.ru,AVAILABILITY,origin.list,2023-06-15 05:24:46.215402
www.acproyectos.com,AVAILABILITY,origin.list,2023-06-15 05:24:46.982715
www.acheterviagrafr24.com,AVAILABILITY,origin.list,2023-06-15 05:24:47.520604
www.1stat.ru,AVAILABILITY,origin.list,2023-06-15 05:24:49.216064
www.8ue9q7i.com,AVAILABILITY,origin.list,2023-06-15 05:24:49.458434
www.4asianporn.com,AVAILABILITY,origin.list,2023-06-15 05:24:49.602241
www.1kinobig.ru,AVAILABILITY,origin.list,2023-06-15 05:24:50.197527
www.a1thumbpost.com,AVAILABILITY,origin.list,2023-06-15 05:24:51.534066
www.3d-hentai.de,AVAILABILITY,origin.list,2023-06-15 05:24:52.762394
www.2sexy.ro,AVAILABILITY,origin.list,2023-06-15 05:24:52.916730
www.aadroid.net,AVAILABILITY,origin.list,2023-06-15 05:24:54.371802
www.24-ak.ru,AVAILABILITY,origin.list,2023-06-15 05:24:56.465111
www.18plusstore.com,AVAILABILITY,origin.list,2023-06-15 05:24:56.687501
www.34.gs,AVAILABILITY,origin.list,2023-06-15 05:24:58.109027
www.3am.info,AVAILABILITY,origin.list,2023-06-15 05:24:59.019968
library.cowley.edu,AVAILABILITY,origin.list,2023-06-15 05:25:00.325793
www.contactos-gay.com,AVAILABILITY,origin.list,2023-06-15 05:25:01.146006
www.a-5.info,AVAILABILITY,origin.list,2023-06-15 05:25:07.062034
sistemacentral.xpg.com.br,AVAILABILITY,origin.list,2023-06-15 05:25:11.340435
www.10000hai.com,AVAILABILITY,origin.list,2023-06-15 05:25:12.213069
www.airnetinfotech.com,AVAILABILITY,origin.list,2023-06-15 05:25:15.023663
www.7minuteworkout.com,AVAILABILITY,origin.list,2023-06-15 05:25:15.186776
www.3dsemulator.info,AVAILABILITY,origin.list,2023-06-15 05:25:15.918840
familyholiday.ml,AVAILABILITY,origin.list,2023-06-15 05:25:16.528316
www.familyholiday.ml,AVAILABILITY,origin.list,2023-06-15 05:25:18.127222
www.cookingmeat.ru,AVAILABILITY,origin.list,2023-06-15 05:25:20.296711
www.99topnn.info,AVAILABILITY,origin.list,2023-06-15 05:25:21.660826
www.euadoroisso.com.br,AVAILABILITY,origin.list,2023-06-15 05:25:22.315376
www.everytalk.tv,AVAILABILITY,origin.list,2023-06-15 05:25:23.762954
www.alfa-medosmotr.ru,AVAILABILITY,origin.list,2023-06-15 05:25:25.457868
www.3gplay.pl,AVAILABILITY,origin.list,2023-06-15 05:25:30.268680
www.101raccoon.ru,AVAILABILITY,origin.list,2023-06-15 05:25:35.564844
www.aanqylta.com,AVAILABILITY,origin.list,2023-06-15 05:25:37.740060
www.4meme.com,AVAILABILITY,origin.list,2023-06-15 05:25:39.084507
www.gobettygo.com,AVAILABILITY,origin.list,2023-06-15 05:25:57.125304
www.24videos.tv,AVAILABILITY,origin.list,2023-06-15 05:26:01.419674
www.12masterov.com,AVAILABILITY,origin.list,2023-06-15 05:26:09.345480
