subject,idna_subject,expiration_date,epoch,registrar
000free.us,000free.us,04-feb-2021,1612396800.0,
000free.us,000free.us,04-feb-2021,1612396800.0,
007angels.com,007angels.com,14-may-2021,1620950400.0,
007angels.com,007angels.com,14-may-2021,1620950400.0,
00author.com,00author.com,13-mar-2021,1615593600.0,
00author.com,00author.com,13-mar-2021,1615593600.0,
00go.com,00go.com,22-mar-2021,1616371200.0,
00go.com,00go.com,22-mar-2021,1616371200.0,
00it.com,00it.com,13-mar-2021,1615593600.0,
00it.com,00it.com,13-mar-2021,1615593600.0,
00sexus.com,00sexus.com,28-feb-2021,1614470400.0,
00sexus.com,00sexus.com,28-feb-2021,1614470400.0,
00webcams.com,00webcams.com,21-jan-2021,1611187200.0,
00webcams.com,00webcams.com,21-jan-2021,1611187200.0,
01-sex-amateur.info,01-sex-amateur.info,20-jan-2021,1611100800.0,
01-sex-amateur.info,01-sex-amateur.info,20-jan-2021,1611100800.0,
017gj.com,017gj.com,03-mar-2021,1614729600.0,
017gj.com,017gj.com,03-mar-2021,1614729600.0,
01apple.com,01apple.com,20-dec-2022,1671494400.0,
01apple.com,01apple.com,20-dec-2022,1671494400.0,
03e.info,03e.info,12-may-2021,1620777600.0,
03e.info,03e.info,12-may-2021,1620777600.0,
03p.info,03p.info,21-jul-2021,1626825600.0,
03p.info,03p.info,21-jul-2021,1626825600.0,
07634.com,07634.com,21-sep-2021,1632182400.0,
07634.com,07634.com,21-sep-2021,1632182400.0,
09zyy.com,09zyy.com,07-dec-2021,1638835200.0,
09zyy.com,09zyy.com,07-dec-2021,1638835200.0,
0azx1.com,0azx1.com,13-dec-2021,1639353600.0,
0azx1.com,0azx1.com,13-dec-2021,1639353600.0,
0dax.com,0dax.com,28-oct-2021,1635379200.0,
0dax.com,0dax.com,28-oct-2021,1635379200.0,
0m4.ru,0m4.ru,20-oct-2021,1634688000.0,
0m4.ru,0m4.ru,20-oct-2021,1634688000.0,
0n-line.tv,0n-line.tv,12-dec-2021,1639267200.0,
0n-line.tv,0n-line.tv,12-dec-2021,1639267200.0,
1-800onlinecasino.com,1-800onlinecasino.com,03-apr-2021,1617408000.0,
1-800onlinecasino.com,1-800onlinecasino.com,03-apr-2021,1617408000.0,
1-pregnant-sex.com,1-pregnant-sex.com,21-dec-2021,1640044800.0,
1-pregnant-sex.com,1-pregnant-sex.com,21-dec-2021,1640044800.0,
10000hai.com,10000hai.com,25-jan-2021,1611532800.0,
10000hai.com,10000hai.com,25-jan-2021,1611532800.0,
1000cumshots.com,1000cumshots.com,06-apr-2021,1617667200.0,
1000cumshots.com,1000cumshots.com,06-apr-2021,1617667200.0,
1000russianwomen.com,1000russianwomen.com,25-dec-2021,1640390400.0,
1000russianwomen.com,1000russianwomen.com,25-dec-2021,1640390400.0,
1001lingerie.com,1001lingerie.com,18-jan-2021,1610928000.0,
1001lingerie.com,1001lingerie.com,18-jan-2021,1610928000.0,
100dollars-seo.com,100dollars-seo.com,23-aug-2021,1629676800.0,
100dollars-seo.com,100dollars-seo.com,23-aug-2021,1629676800.0,
100shemales.com,100shemales.com,13-may-2021,1620864000.0,
100shemales.com,100shemales.com,13-may-2021,1620864000.0,
101billion.com,101billion.com,10-mar-2021,1615334400.0,
101billion.com,101billion.com,10-mar-2021,1615334400.0,
101raccoon.ru,101raccoon.ru,19-apr-2021,1618790400.0,
101raccoon.ru,101raccoon.ru,19-apr-2021,1618790400.0,
108shot.com,108shot.com,05-apr-2021,1617580800.0,
108shot.com,108shot.com,05-apr-2021,1617580800.0,
11-15.net,11-15.net,21-nov-2021,1637452800.0,
11-15.net,11-15.net,21-nov-2021,1637452800.0,
12.com,12.com,09-nov-2021,1636416000.0,
12.com,12.com,09-nov-2021,1636416000.0,
121phonesex.co.uk,121phonesex.co.uk,17-dec-2021,1639699200.0,
121phonesex.co.uk,121phonesex.co.uk,17-dec-2021,1639699200.0,
123any.com,123any.com,05-apr-2021,1617580800.0,
123any.com,123any.com,05-apr-2021,1617580800.0,
123cha.com,123cha.com,21-apr-2022,1650499200.0,
123cha.com,123cha.com,21-apr-2022,1650499200.0,
123kuma.com,123kuma.com,07-jul-2021,1625616000.0,
123kuma.com,123kuma.com,07-jul-2021,1625616000.0,
123laceypink.com,123laceypink.com,27-dec-2021,1640563200.0,
123laceypink.com,123laceypink.com,27-dec-2021,1640563200.0,
123locker.com,123locker.com,11-aug-2021,1628640000.0,
123locker.com,123locker.com,11-aug-2021,1628640000.0,
123sex.biz,123sex.biz,06-oct-2021,1633478400.0,
123sex.biz,123sex.biz,06-oct-2021,1633478400.0,
12bet.com,12bet.com,23-jan-2021,1611360000.0,
12bet.com,12bet.com,23-jan-2021,1611360000.0,
12masterov.com,12masterov.com,11-apr-2021,1618099200.0,
12masterov.com,12masterov.com,11-apr-2021,1618099200.0,
12u.info,12u.info,25-nov-2021,1637798400.0,
12u.info,12u.info,25-nov-2021,1637798400.0,
12xhardcore.com,12xhardcore.com,15-sep-2021,1631664000.0,
12xhardcore.com,12xhardcore.com,15-sep-2021,1631664000.0,
1314dh.com,1314dh.com,11-feb-2021,1613001600.0,
1314dh.com,1314dh.com,11-feb-2021,1613001600.0,
1337crew.info,1337crew.info,19-apr-2021,1618790400.0,
1337crew.info,1337crew.info,19-apr-2021,1618790400.0,
138shenbosbo.com,138shenbosbo.com,26-feb-2021,1614297600.0,
138shenbosbo.com,138shenbosbo.com,26-feb-2021,1614297600.0,
13tabs.com,13tabs.com,14-aug-2021,1628899200.0,
13tabs.com,13tabs.com,14-aug-2021,1628899200.0,
14b.info,14b.info,30-nov-2021,1638230400.0,
14b.info,14b.info,30-nov-2021,1638230400.0,
14teen.com,14teen.com,09-oct-2021,1633737600.0,
14teen.com,14teen.com,09-oct-2021,1633737600.0,
15bb51.info,15bb51.info,10-feb-2021,1612915200.0,
15bb51.info,15bb51.info,10-feb-2021,1612915200.0,
15x.info,15x.info,12-dec-2021,1639267200.0,
15x.info,15x.info,12-dec-2021,1639267200.0,
166f.com,166f.com,11-aug-2021,1628640000.0,
166f.com,166f.com,11-aug-2021,1628640000.0,
16aq.cn,16aq.cn,13-may-2021,1620864000.0,
16aq.cn,16aq.cn,13-may-2021,1620864000.0,
17chezhan.com,17chezhan.com,10-dec-2021,1639094400.0,
17chezhan.com,17chezhan.com,10-dec-2021,1639094400.0,
17youzi.com,17youzi.com,31-oct-2021,1635638400.0,
17youzi.com,17youzi.com,31-oct-2021,1635638400.0,
18744.com,18744.com,05-jul-2021,1625443200.0,
18744.com,18744.com,05-jul-2021,1625443200.0,
189zx.com,189zx.com,06-jun-2021,1622937600.0,
189zx.com,189zx.com,06-jun-2021,1622937600.0,
18freeporn.com,18freeporn.com,17-dec-2021,1639699200.0,
18freeporn.com,18freeporn.com,17-dec-2021,1639699200.0,
18pluscard.com,18pluscard.com,05-jan-2023,1672876800.0,
18pluscard.com,18pluscard.com,05-jan-2023,1672876800.0,
18pluspics.com,18pluspics.com,24-feb-2021,1614124800.0,
18pluspics.com,18pluspics.com,24-feb-2021,1614124800.0,
18plusstore.com,18plusstore.com,22-nov-2021,1637539200.0,
18plusstore.com,18plusstore.com,22-nov-2021,1637539200.0,
18pure.info,18pure.info,20-jan-2021,1611100800.0,
18pure.info,18pure.info,20-jan-2021,1611100800.0,
18teengirl.com,18teengirl.com,27-mar-2021,1616803200.0,
18teengirl.com,18teengirl.com,27-mar-2021,1616803200.0,
19blog.com,19blog.com,25-oct-2021,1635120000.0,
19blog.com,19blog.com,25-oct-2021,1635120000.0,
1adult.com,1adult.com,14-aug-2021,1628899200.0,
1adult.com,1adult.com,14-aug-2021,1628899200.0,
1bet.com,1bet.com,10-apr-2021,1618012800.0,
1bet.com,1bet.com,10-apr-2021,1618012800.0,
1ejaculationinterne.com,1ejaculationinterne.com,15-nov-2021,1636934400.0,
1ejaculationinterne.com,1ejaculationinterne.com,15-nov-2021,1636934400.0,
1forced.com,1forced.com,29-sep-2021,1632873600.0,
1forced.com,1forced.com,29-sep-2021,1632873600.0,
1hwy.com,1hwy.com,18-may-2021,1621296000.0,
1hwy.com,1hwy.com,18-may-2021,1621296000.0,
1kinobig.ru,1kinobig.ru,22-may-2021,1621641600.0,
1kinobig.ru,1kinobig.ru,22-may-2021,1621641600.0,
1lesbiansex.com,1lesbiansex.com,22-feb-2021,1613952000.0,
1lesbiansex.com,1lesbiansex.com,22-feb-2021,1613952000.0,
1pamm.ru,1pamm.ru,14-mar-2021,1615680000.0,
1pamm.ru,1pamm.ru,14-mar-2021,1615680000.0,
1qingdao.com,1qingdao.com,17-oct-2024,1729123200.0,
1qingdao.com,1qingdao.com,17-oct-2024,1729123200.0,
1re.info,1re.info,17-feb-2021,1613520000.0,
1re.info,1re.info,17-feb-2021,1613520000.0,
1stat.ru,1stat.ru,02-jul-2021,1625184000.0,
1stat.ru,1stat.ru,02-jul-2021,1625184000.0,
1studio.net,1studio.net,25-feb-2021,1614211200.0,
1studio.net,1studio.net,25-feb-2021,1614211200.0,
1unblock.com,1unblock.com,26-nov-2021,1637884800.0,
1unblock.com,1unblock.com,26-nov-2021,1637884800.0,
1wish.net,1wish.net,11-mar-2021,1615420800.0,
1wish.net,1wish.net,11-mar-2021,1615420800.0,
1worlditsolutions.com,1worlditsolutions.com,14-mar-2022,1647216000.0,
1worlditsolutions.com,1worlditsolutions.com,14-mar-2022,1647216000.0,
2005-search.com,2005-search.com,15-may-2021,1621036800.0,
2005-search.com,2005-search.com,15-may-2021,1621036800.0,
2012countdown.info,2012countdown.info,10-mar-2021,1615334400.0,
2012countdown.info,2012countdown.info,10-mar-2021,1615334400.0,
2013tomsshoesforsale.com,2013tomsshoesforsale.com,08-mar-2021,1615161600.0,
2013tomsshoesforsale.com,2013tomsshoesforsale.com,08-mar-2021,1615161600.0,
201mb.com,201mb.com,07-feb-2021,1612656000.0,
201mb.com,201mb.com,07-feb-2021,1612656000.0,
2020iscoming.info,2020iscoming.info,25-jul-2021,1627171200.0,
2020iscoming.info,2020iscoming.info,25-jul-2021,1627171200.0,
202ch.com,202ch.com,08-apr-2021,1617840000.0,
202ch.com,202ch.com,08-apr-2021,1617840000.0,
24-ak.ru,24-ak.ru,15-sep-2021,1631664000.0,
24-ak.ru,24-ak.ru,15-sep-2021,1631664000.0,
24-xxx.biz,24-xxx.biz,27-nov-2021,1637971200.0,
24-xxx.biz,24-xxx.biz,27-nov-2021,1637971200.0,
24695.com,24695.com,12-aug-2021,1628726400.0,
24695.com,24695.com,12-aug-2021,1628726400.0,
247lyrics.com,247lyrics.com,02-feb-2021,1612224000.0,
247lyrics.com,247lyrics.com,02-feb-2021,1612224000.0,
24tradeplus.com,24tradeplus.com,09-feb-2021,1612828800.0,
24tradeplus.com,24tradeplus.com,09-feb-2021,1612828800.0,
24videos.tv,24videos.tv,13-jun-2021,1623542400.0,
24videos.tv,24videos.tv,13-jun-2021,1623542400.0,
257639.com,257639.com,21-sep-2021,1632182400.0,
257639.com,257639.com,21-sep-2021,1632182400.0,
259572.com,259572.com,05-dec-2021,1638662400.0,
259572.com,259572.com,05-dec-2021,1638662400.0,
271395.com,271395.com,21-sep-2021,1632182400.0,
271395.com,271395.com,21-sep-2021,1632182400.0,
289931.com,289931.com,11-sep-2021,1631318400.0,
289931.com,289931.com,11-sep-2021,1631318400.0,
2anal.net,2anal.net,09-mar-2021,1615248000.0,
2anal.net,2anal.net,09-mar-2021,1615248000.0,
2daytrendingnews.com,2daytrendingnews.com,05-mar-2021,1614902400.0,
2daytrendingnews.com,2daytrendingnews.com,05-mar-2021,1614902400.0,
2gay.net,2gay.net,30-sep-2021,1632960000.0,
2gay.net,2gay.net,30-sep-2021,1632960000.0,
2girls1cumshot.com,2girls1cumshot.com,02-oct-2021,1633132800.0,
2girls1cumshot.com,2girls1cumshot.com,02-oct-2021,1633132800.0,
2girls1cup-free.com,2girls1cup-free.com,09-mar-2021,1615248000.0,
2girls1cup-free.com,2girls1cup-free.com,09-mar-2021,1615248000.0,
2kata.ru,2kata.ru,22-feb-2021,1613952000.0,
2kata.ru,2kata.ru,22-feb-2021,1613952000.0,
2kporn.com,2kporn.com,24-nov-2021,1637712000.0,
2kporn.com,2kporn.com,24-nov-2021,1637712000.0,
2lesbians.net,2lesbians.net,21-oct-2021,1634774400.0,
2lesbians.net,2lesbians.net,21-oct-2021,1634774400.0,
2manshow.com,2manshow.com,20-apr-2021,1618876800.0,
2manshow.com,2manshow.com,20-apr-2021,1618876800.0,
2mouses.com,2mouses.com,23-may-2021,1621728000.0,
2mouses.com,2mouses.com,23-may-2021,1621728000.0,
2muchsex.com,2muchsex.com,16-jan-2021,1610755200.0,
2muchsex.com,2muchsex.com,16-jan-2021,1610755200.0,
2mycomputer.com,2mycomputer.com,02-nov-2021,1635811200.0,
2mycomputer.com,2mycomputer.com,02-nov-2021,1635811200.0,
2n2qlh5hqcwrvo.net,2n2qlh5hqcwrvo.net,26-oct-2021,1635206400.0,
2n2qlh5hqcwrvo.net,2n2qlh5hqcwrvo.net,26-oct-2021,1635206400.0,
2o34.com,2o34.com,07-jul-2021,1625616000.0,
2o34.com,2o34.com,07-jul-2021,1625616000.0,
2p9fyvx.com,2p9fyvx.com,17-aug-2021,1629158400.0,
2p9fyvx.com,2p9fyvx.com,17-aug-2021,1629158400.0,
2sexy.ro,2sexy.ro,18-aug-2021,1629244800.0,
2sexy.ro,2sexy.ro,18-aug-2021,1629244800.0,
2step-garage.co.uk,2step-garage.co.uk,12-sep-2021,1631404800.0,
2step-garage.co.uk,2step-garage.co.uk,12-sep-2021,1631404800.0,
2ydian.com,2ydian.com,12-nov-2021,1636675200.0,
2ydian.com,2ydian.com,12-nov-2021,1636675200.0,
3-dauto.com,3-dauto.com,05-nov-2021,1636070400.0,
3-dauto.com,3-dauto.com,05-nov-2021,1636070400.0,
3-gay.com,3-gay.com,25-feb-2022,1645747200.0,
3-gay.com,3-gay.com,25-feb-2022,1645747200.0,
3-letter-domains.net,3-letter-domains.net,29-mar-2021,1616976000.0,
3-letter-domains.net,3-letter-domains.net,29-mar-2021,1616976000.0,
300sk.com,300sk.com,20-mar-2021,1616198400.0,
300sk.com,300sk.com,20-mar-2021,1616198400.0,
30sec.info,30sec.info,21-sep-2021,1632182400.0,
30sec.info,30sec.info,21-sep-2021,1632182400.0,
31seconds.net,31seconds.net,26-jan-2021,1611619200.0,
31seconds.net,31seconds.net,26-jan-2021,1611619200.0,
3278dy.com,3278dy.com,11-feb-2021,1613001600.0,
3278dy.com,3278dy.com,11-feb-2021,1613001600.0,
34.gs,34.gs,27-oct-2021,1635292800.0,
34.gs,34.gs,27-oct-2021,1635292800.0,
365locksmithsminneapolis.com,365locksmithsminneapolis.com,19-dec-2021,1639872000.0,
365locksmithsminneapolis.com,365locksmithsminneapolis.com,19-dec-2021,1639872000.0,
377baidu.com,377baidu.com,24-jan-2021,1611446400.0,
377baidu.com,377baidu.com,24-jan-2021,1611446400.0,
39bola.com,39bola.com,30-mar-2021,1617062400.0,
39bola.com,39bola.com,30-mar-2021,1617062400.0,
3am.info,3am.info,16-jan-2021,1610755200.0,
3am.info,3am.info,16-jan-2021,1610755200.0,
3angelsvideo.com,3angelsvideo.com,14-apr-2021,1618358400.0,
3angelsvideo.com,3angelsvideo.com,14-apr-2021,1618358400.0,
3d-daughter-list.info,3d-daughter-list.info,10-feb-2021,1612915200.0,
3d-daughter-list.info,3d-daughter-list.info,10-feb-2021,1612915200.0,
3dbluerayplayer.com,3dbluerayplayer.com,09-may-2021,1620518400.0,
3dbluerayplayer.com,3dbluerayplayer.com,09-may-2021,1620518400.0,
3dcgfx.net,3dcgfx.net,18-jun-2021,1623974400.0,
3dcgfx.net,3dcgfx.net,18-jun-2021,1623974400.0,
3dpassport.com,3dpassport.com,13-jun-2021,1623542400.0,
3dpassport.com,3dpassport.com,13-jun-2021,1623542400.0,
3dsemulator.info,3dsemulator.info,19-feb-2021,1613692800.0,
3dsemulator.info,3dsemulator.info,19-feb-2021,1613692800.0,
3dviolet.com,3dviolet.com,24-jun-2021,1624492800.0,
3dviolet.com,3dviolet.com,24-jun-2021,1624492800.0,
3gplay.pl,3gplay.pl,01-oct-2021,1633046400.0,
3gplay.pl,3gplay.pl,01-oct-2021,1633046400.0,
3henterprise.com,3henterprise.com,06-dec-2023,1701820800.0,
3henterprise.com,3henterprise.com,06-dec-2023,1701820800.0,
3jmcwio.com,3jmcwio.com,09-mar-2021,1615248000.0,
3jmcwio.com,3jmcwio.com,09-mar-2021,1615248000.0,
3lm.info,3lm.info,23-dec-2021,1640217600.0,
3lm.info,3lm.info,23-dec-2021,1640217600.0,
3w24.com,3w24.com,10-may-2021,1620604800.0,
3w24.com,3w24.com,10-may-2021,1620604800.0,
3weekdiet.com,3weekdiet.com,12-jul-2021,1626048000.0,
3weekdiet.com,3weekdiet.com,12-jul-2021,1626048000.0,
3wt4c.com,3wt4c.com,01-feb-2021,1612137600.0,
3wt4c.com,3wt4c.com,01-feb-2021,1612137600.0,
3xit.net,3xit.net,28-sep-2021,1632787200.0,
3xit.net,3xit.net,28-sep-2021,1632787200.0,
40cg.com,40cg.com,23-mar-2021,1616457600.0,
40cg.com,40cg.com,23-mar-2021,1616457600.0,
423.ru,423.ru,04-jul-2021,1625356800.0,
423.ru,423.ru,04-jul-2021,1625356800.0,
4asianporn.com,4asianporn.com,19-sep-2021,1632009600.0,
4asianporn.com,4asianporn.com,19-sep-2021,1632009600.0,
4beast.com,4beast.com,04-dec-2021,1638576000.0,
4beast.com,4beast.com,04-dec-2021,1638576000.0,
4bqs.com,4bqs.com,06-oct-2021,1633478400.0,
4bqs.com,4bqs.com,06-oct-2021,1633478400.0,
4cock.com,4cock.com,09-oct-2021,1633737600.0,
4cock.com,4cock.com,09-oct-2021,1633737600.0,
4ever.cc,4ever.cc,12-oct-2021,1633996800.0,
4ever.cc,4ever.cc,12-oct-2021,1633996800.0,
4girlss.com,4girlss.com,09-jan-2022,1641686400.0,
4girlss.com,4girlss.com,09-jan-2022,1641686400.0,
4inn.pl,4inn.pl,20-jan-2021,1611100800.0,
4inn.pl,4inn.pl,20-jan-2021,1611100800.0,
4love.info,4love.info,27-jan-2021,1611705600.0,
4love.info,4love.info,27-jan-2021,1611705600.0,
4meme.com,4meme.com,26-mar-2021,1616716800.0,
4meme.com,4meme.com,26-mar-2021,1616716800.0,
4o64flb.com,4o64flb.com,09-mar-2021,1615248000.0,
4o64flb.com,4o64flb.com,09-mar-2021,1615248000.0,
4plus11.com,4plus11.com,11-nov-2021,1636588800.0,
4plus11.com,4plus11.com,11-nov-2021,1636588800.0,
4pornxxx.com,4pornxxx.com,21-dec-2021,1640044800.0,
4pornxxx.com,4pornxxx.com,21-dec-2021,1640044800.0,
4pp13.com,4pp13.com,07-oct-2021,1633564800.0,
4pp13.com,4pp13.com,07-oct-2021,1633564800.0,
4pussies.com,4pussies.com,14-sep-2021,1631577600.0,
4pussies.com,4pussies.com,14-sep-2021,1631577600.0,
4realzed.com,4realzed.com,30-nov-2021,1638230400.0,
4realzed.com,4realzed.com,30-nov-2021,1638230400.0,
4replicawatch.net,4replicawatch.net,06-aug-2021,1628208000.0,
4replicawatch.net,4replicawatch.net,06-aug-2021,1628208000.0,
4th3d48.com,4th3d48.com,09-mar-2021,1615248000.0,
4th3d48.com,4th3d48.com,09-mar-2021,1615248000.0,
4u69.com,4u69.com,08-dec-2021,1638921600.0,
4u69.com,4u69.com,08-dec-2021,1638921600.0,
4ur.click,4ur.click,04-mar-2021,1614816000.0,
4ur.click,4ur.click,04-mar-2021,1614816000.0,
4ureyesonly.com,4ureyesonly.com,28-jul-2021,1627430400.0,
4ureyesonly.com,4ureyesonly.com,28-jul-2021,1627430400.0,
4v9wp.com,4v9wp.com,14-feb-2021,1613260800.0,
4v9wp.com,4v9wp.com,14-feb-2021,1613260800.0,
4webmasters.com,4webmasters.com,01-aug-2021,1627776000.0,
4webmasters.com,4webmasters.com,01-aug-2021,1627776000.0,
4xporn.com,4xporn.com,18-jan-2021,1610928000.0,
4xporn.com,4xporn.com,18-jan-2021,1610928000.0,
4youcom.com,4youcom.com,17-oct-2021,1634428800.0,
4youcom.com,4youcom.com,17-oct-2021,1634428800.0,
50centstreetkingimmortal.com,50centstreetkingimmortal.com,19-dec-2021,1639872000.0,
50centstreetkingimmortal.com,50centstreetkingimmortal.com,19-dec-2021,1639872000.0,
51.la,51.la,17-jan-2023,1673913600.0,
51.la,51.la,17-jan-2023,1673913600.0,
511a.cn,511a.cn,12-may-2021,1620777600.0,
511a.cn,511a.cn,12-may-2021,1620777600.0,
5241.it,5241.it,24-jan-2021,1611446400.0,
5241.it,5241.it,24-jan-2021,1611446400.0,
529collegesaving.com,529collegesaving.com,01-nov-2021,1635724800.0,
529collegesaving.com,529collegesaving.com,01-nov-2021,1635724800.0,
52djcy.com,52djcy.com,12-feb-2021,1613088000.0,
52djcy.com,52djcy.com,12-feb-2021,1613088000.0,
550a.com,550a.com,02-apr-2021,1617321600.0,
550a.com,550a.com,02-apr-2021,1617321600.0,
57883.net,57883.net,28-jul-2021,1627430400.0,
57883.net,57883.net,28-jul-2021,1627430400.0,
59cn7.com,59cn7.com,14-feb-2021,1613260800.0,
59cn7.com,59cn7.com,14-feb-2021,1613260800.0,
5finder.com,5finder.com,19-oct-2021,1634601600.0,
5finder.com,5finder.com,19-oct-2021,1634601600.0,
5forex.ru,5forex.ru,25-apr-2021,1619308800.0,
5forex.ru,5forex.ru,25-apr-2021,1619308800.0,
5i2.net,5i2.net,24-aug-2021,1629763200.0,
5i2.net,5i2.net,24-aug-2021,1629763200.0,
5kstore.com,5kstore.com,03-oct-2021,1633219200.0,
5kstore.com,5kstore.com,03-oct-2021,1633219200.0,
5u.com,5u.com,17-oct-2022,1665964800.0,
5u.com,5u.com,17-oct-2022,1665964800.0,
5udt.com,5udt.com,25-sep-2022,1664064000.0,
5udt.com,5udt.com,25-sep-2022,1664064000.0,
5yfi7sy.com,5yfi7sy.com,09-mar-2021,1615248000.0,
5yfi7sy.com,5yfi7sy.com,09-mar-2021,1615248000.0,
6000518.com,6000518.com,27-sep-2021,1632700800.0,
6000518.com,6000518.com,27-sep-2021,1632700800.0,
60secpanic.com,60secpanic.com,20-sep-2021,1632096000.0,
60secpanic.com,60secpanic.com,20-sep-2021,1632096000.0,
65xps.com,65xps.com,14-feb-2021,1613260800.0,
65xps.com,65xps.com,14-feb-2021,1613260800.0,
6660003.com,6660003.com,10-sep-2021,1631232000.0,
6660003.com,6660003.com,10-sep-2021,1631232000.0,
666s.info,666s.info,15-feb-2021,1613347200.0,
666s.info,666s.info,15-feb-2021,1613347200.0,
66av.cc,66av.cc,31-mar-2021,1617148800.0,
66av.cc,66av.cc,31-mar-2021,1617148800.0,
69tubex.com,69tubex.com,22-mar-2021,1616371200.0,
69tubex.com,69tubex.com,22-mar-2021,1616371200.0,
6amateure.net,6amateure.net,06-oct-2021,1633478400.0,
6amateure.net,6amateure.net,06-oct-2021,1633478400.0,
6e.co.kr,6e.co.kr,21-apr-2021,1618963200.0,
6e.co.kr,6e.co.kr,21-apr-2021,1618963200.0,
6ftlady.com,6ftlady.com,14-oct-2021,1634169600.0,
6ftlady.com,6ftlady.com,14-oct-2021,1634169600.0,
6server.com,6server.com,13-dec-2021,1639353600.0,
6server.com,6server.com,13-dec-2021,1639353600.0,
6stuff.com,6stuff.com,13-mar-2021,1615593600.0,
6stuff.com,6stuff.com,13-mar-2021,1615593600.0,
72-news.com,72-news.com,20-dec-2021,1639958400.0,
72-news.com,72-news.com,20-dec-2021,1639958400.0,
72impala.com,72impala.com,21-may-2021,1621555200.0,
72impala.com,72impala.com,21-may-2021,1621555200.0,
777-club.ru,777-club.ru,12-jun-2021,1623456000.0,
777-club.ru,777-club.ru,12-jun-2021,1623456000.0,
78tdd75.com,78tdd75.com,28-feb-2021,1614470400.0,
78tdd75.com,78tdd75.com,28-feb-2021,1614470400.0,
791026.com,791026.com,10-oct-2021,1633824000.0,
791026.com,791026.com,10-oct-2021,1633824000.0,
7fb.ru,7fb.ru,07-jul-2021,1625616000.0,
7fb.ru,7fb.ru,07-jul-2021,1625616000.0,
7gfs.com,7gfs.com,23-jan-2021,1611360000.0,
7gfs.com,7gfs.com,23-jan-2021,1611360000.0,
7minuteworkout.com,7minuteworkout.com,15-jan-2021,1610668800.0,
7minuteworkout.com,7minuteworkout.com,15-jan-2021,1610668800.0,
7search.com,7search.com,25-may-2021,1621900800.0,
7search.com,7search.com,25-may-2021,1621900800.0,
7thlegion.ru,7thlegion.ru,30-aug-2021,1630281600.0,
7thlegion.ru,7thlegion.ru,30-aug-2021,1630281600.0,
7wind.ru,7wind.ru,17-jun-2021,1623888000.0,
7wind.ru,7wind.ru,17-jun-2021,1623888000.0,
7xc4n.com,7xc4n.com,14-feb-2021,1613260800.0,
7xc4n.com,7xc4n.com,14-feb-2021,1613260800.0,
7y7.us,7y7.us,21-oct-2021,1634774400.0,
7y7.us,7y7.us,21-oct-2021,1634774400.0,
8090cpa.com,8090cpa.com,19-mar-2021,1616112000.0,
8090cpa.com,8090cpa.com,19-mar-2021,1616112000.0,
87w.info,87w.info,03-jun-2021,1622678400.0,
87w.info,87w.info,03-jun-2021,1622678400.0,
883zy.com,883zy.com,23-oct-2021,1634947200.0,
883zy.com,883zy.com,23-oct-2021,1634947200.0,
888-vip.net,888-vip.net,18-dec-2021,1639785600.0,
888-vip.net,888-vip.net,18-dec-2021,1639785600.0,
888.com,888.com,14-feb-2023,1676332800.0,
888.com,888.com,14-feb-2023,1676332800.0,
8899804.com,8899804.com,10-jul-2021,1625875200.0,
8899804.com,8899804.com,10-jul-2021,1625875200.0,
8gold.com,8gold.com,19-nov-2021,1637280000.0,
8gold.com,8gold.com,19-nov-2021,1637280000.0,
8rf.com,8rf.com,09-dec-2021,1639008000.0,
8rf.com,8rf.com,09-dec-2021,1639008000.0,
8si.ru,8si.ru,30-oct-2021,1635552000.0,
8si.ru,8si.ru,30-oct-2021,1635552000.0,
8streams.com,8streams.com,18-feb-2022,1645142400.0,
8streams.com,8streams.com,18-feb-2022,1645142400.0,
8ue9q7i.com,8ue9q7i.com,09-mar-2021,1615248000.0,
8ue9q7i.com,8ue9q7i.com,09-mar-2021,1615248000.0,
8xv8.com,8xv8.com,16-jan-2021,1610755200.0,
8xv8.com,8xv8.com,16-jan-2021,1610755200.0,
90i.info,90i.info,08-apr-2021,1617840000.0,
90i.info,90i.info,08-apr-2021,1617840000.0,
925.lt,925.lt,19-sep-2023,1695081600.0,
925.lt,925.lt,19-sep-2023,1695081600.0,
94cdn.com,94cdn.com,25-dec-2021,1640390400.0,
94cdn.com,94cdn.com,25-dec-2021,1640390400.0,
98oi.ru,98oi.ru,22-feb-2021,1613952000.0,
98oi.ru,98oi.ru,22-feb-2021,1613952000.0,
999webdesign.com,999webdesign.com,07-sep-2021,1630972800.0,
999webdesign.com,999webdesign.com,07-sep-2021,1630972800.0,
99bthgc.me,99bthgc.me,30-jan-2021,1611964800.0,
99bthgc.me,99bthgc.me,30-jan-2021,1611964800.0,
99topnn.info,99topnn.info,10-feb-2021,1612915200.0,
99topnn.info,99topnn.info,10-feb-2021,1612915200.0,
9c51vda.com,9c51vda.com,09-mar-2021,1615248000.0,
9c51vda.com,9c51vda.com,09-mar-2021,1615248000.0,
9h7n8.com,9h7n8.com,14-feb-2021,1613260800.0,
9h7n8.com,9h7n8.com,14-feb-2021,1613260800.0,
9ics.cn,9ics.cn,05-oct-2021,1633392000.0,
9ics.cn,9ics.cn,05-oct-2021,1633392000.0,
9med.net,9med.net,12-may-2021,1620777600.0,
9med.net,9med.net,12-may-2021,1620777600.0,
9stoneinvestments.com,9stoneinvestments.com,15-dec-2021,1639526400.0,
9stoneinvestments.com,9stoneinvestments.com,15-dec-2021,1639526400.0,
9thien.com,9thien.com,03-apr-2021,1617408000.0,
9thien.com,9thien.com,03-apr-2021,1617408000.0,
a-5.info,a-5.info,01-oct-2021,1633046400.0,
a-5.info,a-5.info,01-oct-2021,1633046400.0,
a2btrans.pl,a2btrans.pl,03-aug-2021,1627948800.0,
a2btrans.pl,a2btrans.pl,03-aug-2021,1627948800.0,
a2sex.com,a2sex.com,26-dec-2021,1640476800.0,
a2sex.com,a2sex.com,26-dec-2021,1640476800.0,
a2zgroup.in,a2zgroup.in,01-mar-2021,1614556800.0,
a2zgroup.in,a2zgroup.in,01-mar-2021,1614556800.0,
a48.info,a48.info,25-mar-2021,1616630400.0,
a48.info,a48.info,25-mar-2021,1616630400.0,
a85.info,a85.info,05-apr-2021,1617580800.0,
a85.info,a85.info,05-apr-2021,1617580800.0,
a94.info,a94.info,25-mar-2021,1616630400.0,
a94.info,a94.info,25-mar-2021,1616630400.0,
aa9bd78f328a6a41279d0fad0a88df1901.com,aa9bd78f328a6a41279d0fad0a88df1901.com,18-jan-2021,1610928000.0,
aa9bd78f328a6a41279d0fad0a88df1901.com,aa9bd78f328a6a41279d0fad0a88df1901.com,18-jan-2021,1610928000.0,
aa9d046aab36af4ff182f097f840430d51.com,aa9d046aab36af4ff182f097f840430d51.com,18-jan-2021,1610928000.0,
aa9d046aab36af4ff182f097f840430d51.com,aa9d046aab36af4ff182f097f840430d51.com,18-jan-2021,1610928000.0,
aaannuairex.com,aaannuairex.com,05-dec-2021,1638662400.0,
aaannuairex.com,aaannuairex.com,05-dec-2021,1638662400.0,
aaaurgentcare.net,aaaurgentcare.net,18-mar-2023,1679097600.0,
aaaurgentcare.net,aaaurgentcare.net,18-mar-2023,1679097600.0,
aab94f698f36684c5a852a2ef272e031bb.com,aab94f698f36684c5a852a2ef272e031bb.com,22-mar-2021,1616371200.0,
aab94f698f36684c5a852a2ef272e031bb.com,aab94f698f36684c5a852a2ef272e031bb.com,22-mar-2021,1616371200.0,
aac52006ec82a24e08b665f4db2b5013f7.com,aac52006ec82a24e08b665f4db2b5013f7.com,18-jan-2021,1610928000.0,
aac52006ec82a24e08b665f4db2b5013f7.com,aac52006ec82a24e08b665f4db2b5013f7.com,18-jan-2021,1610928000.0,
aad1f4acb0a373420d9b0c4202d38d94fa.com,aad1f4acb0a373420d9b0c4202d38d94fa.com,18-jan-2021,1610928000.0,
aad1f4acb0a373420d9b0c4202d38d94fa.com,aad1f4acb0a373420d9b0c4202d38d94fa.com,18-jan-2021,1610928000.0,
aadroid.net,aadroid.net,22-may-2021,1621641600.0,
aadroid.net,aadroid.net,22-may-2021,1621641600.0,
aadultwork.com,aadultwork.com,12-aug-2021,1628726400.0,
aadultwork.com,aadultwork.com,12-aug-2021,1628726400.0,
aalures.com,aalures.com,03-oct-2021,1633219200.0,
aalures.com,aalures.com,03-oct-2021,1633219200.0,
aanqylta.com,aanqylta.com,25-jan-2021,1611532800.0,
aanqylta.com,aanqylta.com,25-jan-2021,1611532800.0,
aapz.com,aapz.com,07-oct-2021,1633564800.0,
aapz.com,aapz.com,07-oct-2021,1633564800.0,
aarbur.com,aarbur.com,12-apr-2021,1618185600.0,
aarbur.com,aarbur.com,12-apr-2021,1618185600.0,
aaronabel.com,aaronabel.com,09-apr-2021,1617926400.0,
aaronabel.com,aaronabel.com,09-apr-2021,1617926400.0,
aaronautosandtrucks.com,aaronautosandtrucks.com,17-jan-2021,1610841600.0,
aaronautosandtrucks.com,aaronautosandtrucks.com,17-jan-2021,1610841600.0,
aashyamayro.com,aashyamayro.com,20-oct-2023,1697760000.0,
aashyamayro.com,aashyamayro.com,20-oct-2023,1697760000.0,
abacusnet.info,abacusnet.info,05-nov-2023,1699142400.0,
abacusnet.info,abacusnet.info,05-nov-2023,1699142400.0,
abadass.com,abadass.com,21-sep-2021,1632182400.0,
abadass.com,abadass.com,21-sep-2021,1632182400.0,
abahah.com,abahah.com,19-jan-2021,1611014400.0,
abahah.com,abahah.com,19-jan-2021,1611014400.0,
abbanreddy.com,abbanreddy.com,21-oct-2021,1634774400.0,
abbanreddy.com,abbanreddy.com,21-oct-2021,1634774400.0,
abbeyxxx.com,abbeyxxx.com,19-nov-2021,1637280000.0,
abbeyxxx.com,abbeyxxx.com,19-nov-2021,1637280000.0,
abclauncher.com,abclauncher.com,25-nov-2023,1700870400.0,
abclauncher.com,abclauncher.com,25-nov-2023,1700870400.0,
abcsex.dk,abcsex.dk,31-aug-2021,1630368000.0,
abcsex.dk,abcsex.dk,31-aug-2021,1630368000.0,
abctoppictures.net,abctoppictures.net,21-aug-2021,1629504000.0,
abctoppictures.net,abctoppictures.net,21-aug-2021,1629504000.0,
abdicted.com,abdicted.com,21-dec-2021,1640044800.0,
abdicted.com,abdicted.com,21-dec-2021,1640044800.0,
abdl-adult-baby-phone-sex.info,abdl-adult-baby-phone-sex.info,06-jul-2021,1625529600.0,
abdl-adult-baby-phone-sex.info,abdl-adult-baby-phone-sex.info,06-jul-2021,1625529600.0,
abdlphone.com,abdlphone.com,18-jan-2021,1610928000.0,
abdlphone.com,abdlphone.com,18-jan-2021,1610928000.0,
abetran.com,abetran.com,19-sep-2021,1632009600.0,
abetran.com,abetran.com,19-sep-2021,1632009600.0,
abetting.net,abetting.net,27-jan-2021,1611705600.0,
abetting.net,abetting.net,27-jan-2021,1611705600.0,
ablefull.com,ablefull.com,12-apr-2021,1618185600.0,
ablefull.com,ablefull.com,12-apr-2021,1618185600.0,
abogadodejacksonville.com,abogadodejacksonville.com,15-dec-2021,1639526400.0,
abogadodejacksonville.com,abogadodejacksonville.com,15-dec-2021,1639526400.0,
abouthomesdecorating.com,abouthomesdecorating.com,30-apr-2021,1619740800.0,
abouthomesdecorating.com,abouthomesdecorating.com,30-apr-2021,1619740800.0,
aboutproperty.co.uk,aboutproperty.co.uk,17-feb-2022,1645056000.0,
aboutproperty.co.uk,aboutproperty.co.uk,17-feb-2022,1645056000.0,
above.com,above.com,21-may-2021,1621555200.0,
above.com,above.com,21-may-2021,1621555200.0,
abrahamschildren.com,abrahamschildren.com,25-jun-2021,1624579200.0,
abrahamschildren.com,abrahamschildren.com,25-jun-2021,1624579200.0,
absinths.com,absinths.com,13-feb-2021,1613174400.0,
absinths.com,absinths.com,13-feb-2021,1613174400.0,
absolute-live.com,absolute-live.com,04-sep-2021,1630713600.0,
absolute-live.com,absolute-live.com,04-sep-2021,1630713600.0,
ac-transfer.com,ac-transfer.com,27-jan-2021,1611705600.0,
ac-transfer.com,ac-transfer.com,27-jan-2021,1611705600.0,
acads.net,acads.net,05-sep-2022,1662336000.0,
acads.net,acads.net,05-sep-2022,1662336000.0,
acenar.com,acenar.com,19-jan-2021,1611014400.0,
acenar.com,acenar.com,19-jan-2021,1611014400.0,
acheterviagrafr24.com,acheterviagrafr24.com,22-jul-2021,1626912000.0,
acheterviagrafr24.com,acheterviagrafr24.com,22-jul-2021,1626912000.0,
aciklise.web.tr,aciklise.web.tr,25-may-2021,1621900800.0,
aciklise.web.tr,aciklise.web.tr,25-may-2021,1621900800.0,
acimo.com,acimo.com,25-jun-2021,1624579200.0,
acimo.com,acimo.com,25-jun-2021,1624579200.0,
acmsa.com.ar,acmsa.com.ar,13-mar-2021,1615593600.0,
acmsa.com.ar,acmsa.com.ar,13-mar-2021,1615593600.0,
acompanhantesbrasil.com.br,acompanhantesbrasil.com.br,21-sep-2021,1632182400.0,
acompanhantesbrasil.com.br,acompanhantesbrasil.com.br,21-sep-2021,1632182400.0,
acompanhantesdeportugal.com,acompanhantesdeportugal.com,05-apr-2021,1617580800.0,
acompanhantesdeportugal.com,acompanhantesdeportugal.com,05-apr-2021,1617580800.0,
acornpointlodge.com,acornpointlodge.com,02-jul-2021,1625184000.0,
acornpointlodge.com,acornpointlodge.com,02-jul-2021,1625184000.0,
acoustoopticmodulator.com,acoustoopticmodulator.com,23-dec-2021,1640217600.0,
acoustoopticmodulator.com,acoustoopticmodulator.com,23-dec-2021,1640217600.0,
acpbdf.com.br,acpbdf.com.br,24-oct-2021,1635033600.0,
acpbdf.com.br,acpbdf.com.br,24-oct-2021,1635033600.0,
acproyectos.com,acproyectos.com,18-oct-2021,1634515200.0,
acproyectos.com,acproyectos.com,18-oct-2021,1634515200.0,
acrowiswhite.com,acrowiswhite.com,20-sep-2021,1632096000.0,
acrowiswhite.com,acrowiswhite.com,20-sep-2021,1632096000.0,
actionmobilemarine.net,actionmobilemarine.net,24-sep-2021,1632441600.0,
actionmobilemarine.net,actionmobilemarine.net,24-sep-2021,1632441600.0,
actionnooz.com,actionnooz.com,12-apr-2021,1618185600.0,
actionnooz.com,actionnooz.com,12-apr-2021,1618185600.0,
activeideas.net,activeideas.net,19-jun-2021,1624060800.0,
activeideas.net,activeideas.net,19-jun-2021,1624060800.0,
activepr.ru,activepr.ru,08-mar-2021,1615161600.0,
activepr.ru,activepr.ru,08-mar-2021,1615161600.0,
activewatch.ro,activewatch.ro,17-oct-2022,1665964800.0,
activewatch.ro,activewatch.ro,17-oct-2022,1665964800.0,
actricesmexicanasdesnudas.com,actricesmexicanasdesnudas.com,16-mar-2021,1615852800.0,
actricesmexicanasdesnudas.com,actricesmexicanasdesnudas.com,16-mar-2021,1615852800.0,
actulite.com,actulite.com,19-nov-2021,1637280000.0,
actulite.com,actulite.com,19-nov-2021,1637280000.0,
adrunnr.com,adrunnr.com,02-mar-2021,1614643200.0,
adrunnr.com,adrunnr.com,02-mar-2021,1614643200.0,
airmore.co,airmore.co,18-feb-2021,1613606400.0,
airmore.co,airmore.co,18-feb-2021,1613606400.0,
airnetinfotech.com,airnetinfotech.com,25-mar-2028,1837555200.0,
airnetinfotech.com,airnetinfotech.com,25-mar-2028,1837555200.0,
airpb.com,airpb.com,13-jul-2021,1626134400.0,
airpb.com,airpb.com,13-jul-2021,1626134400.0,
airportsys.com,airportsys.com,25-mar-2021,1616630400.0,
airportsys.com,airportsys.com,25-mar-2021,1616630400.0,
aisiansex.com,aisiansex.com,12-sep-2021,1631404800.0,
aisiansex.com,aisiansex.com,12-sep-2021,1631404800.0,
ajansyenimedya.com,ajansyenimedya.com,30-jan-2021,1611964800.0,
ajansyenimedya.com,ajansyenimedya.com,30-jan-2021,1611964800.0,
ajkzd9h.com,ajkzd9h.com,09-mar-2021,1615248000.0,
ajkzd9h.com,ajkzd9h.com,09-mar-2021,1615248000.0,
akama.com,akama.com,22-may-2021,1621641600.0,
akama.com,akama.com,22-may-2021,1621641600.0,
akariyer.com,akariyer.com,20-jul-2021,1626739200.0,
akariyer.com,akariyer.com,20-jul-2021,1626739200.0,
aksao.com,aksao.com,18-jan-2021,1610928000.0,
aksao.com,aksao.com,18-jan-2021,1610928000.0,
aksonural.ru,aksonural.ru,01-mar-2021,1614556800.0,
aksonural.ru,aksonural.ru,01-mar-2021,1614556800.0,
akuhni.by,akuhni.by,17-apr-2021,1618617600.0,
akuhni.by,akuhni.by,17-apr-2021,1618617600.0,
akusherok.ru,akusherok.ru,30-mar-2021,1617062400.0,
akusherok.ru,akusherok.ru,30-mar-2021,1617062400.0,
alabamabackpage.com,alabamabackpage.com,08-sep-2021,1631059200.0,
alabamabackpage.com,alabamabackpage.com,08-sep-2021,1631059200.0,
alanstrack.com,alanstrack.com,11-may-2021,1620691200.0,
alanstrack.com,alanstrack.com,11-may-2021,1620691200.0,
alarash.com,alarash.com,28-may-2021,1622160000.0,
alarash.com,alarash.com,28-may-2021,1622160000.0,
alarmobninsk.ru,alarmobninsk.ru,27-apr-2021,1619481600.0,
alarmobninsk.ru,alarmobninsk.ru,27-apr-2021,1619481600.0,
albamargroup.com,albamargroup.com,04-jul-2021,1625356800.0,
albamargroup.com,albamargroup.com,04-jul-2021,1625356800.0,
albanypowerexchange.com,albanypowerexchange.com,09-mar-2021,1615248000.0,
albanypowerexchange.com,albanypowerexchange.com,09-mar-2021,1615248000.0,
alberguecasaanita.com,alberguecasaanita.com,17-dec-2021,1639699200.0,
alberguecasaanita.com,alberguecasaanita.com,17-dec-2021,1639699200.0,
alblux.com,alblux.com,09-dec-2021,1639008000.0,
alblux.com,alblux.com,09-dec-2021,1639008000.0,
alboautotrasportatori.it,alboautotrasportatori.it,09-apr-2021,1617926400.0,
alboautotrasportatori.it,alboautotrasportatori.it,09-apr-2021,1617926400.0,
aldik.com,aldik.com,30-may-2021,1622332800.0,
aldik.com,aldik.com,30-may-2021,1622332800.0,
alexa-silver.com,alexa-silver.com,06-feb-2021,1612569600.0,
alexa-silver.com,alexa-silver.com,06-feb-2021,1612569600.0,
alexandria-locksmithservice.com,alexandria-locksmithservice.com,13-oct-2021,1634083200.0,
alexandria-locksmithservice.com,alexandria-locksmithservice.com,13-oct-2021,1634083200.0,
alexine.net,alexine.net,17-oct-2021,1634428800.0,
alexine.net,alexine.net,17-oct-2021,1634428800.0,
alexxxxpages.info,alexxxxpages.info,25-jan-2021,1611532800.0,
alexxxxpages.info,alexxxxpages.info,25-jan-2021,1611532800.0,
alf-img.com,alf-img.com,30-aug-2021,1630281600.0,
alf-img.com,alf-img.com,30-aug-2021,1630281600.0,
alfa-img.com,alfa-img.com,10-nov-2021,1636502400.0,
alfa-img.com,alfa-img.com,10-nov-2021,1636502400.0,
alfa-medosmotr.ru,alfa-medosmotr.ru,19-jan-2021,1611014400.0,
alfa-medosmotr.ru,alfa-medosmotr.ru,19-jan-2021,1611014400.0,
alfa-search.com,alfa-search.com,11-feb-2021,1613001600.0,
alfa-search.com,alfa-search.com,11-feb-2021,1613001600.0,
alfa9.com,alfa9.com,19-jun-2021,1624060800.0,
alfa9.com,alfa9.com,19-jun-2021,1624060800.0,
alfalakgifts.com,alfalakgifts.com,15-may-2021,1621036800.0,
alfalakgifts.com,alfalakgifts.com,15-may-2021,1621036800.0,
algerianembassy.co.in,algerianembassy.co.in,18-dec-2021,1639785600.0,
algerianembassy.co.in,algerianembassy.co.in,18-dec-2021,1639785600.0,
algodon.net,algodon.net,18-feb-2021,1613606400.0,
algodon.net,algodon.net,18-feb-2021,1613606400.0,
alhijaztrvl.com,alhijaztrvl.com,26-jan-2021,1611619200.0,
alhijaztrvl.com,alhijaztrvl.com,26-jan-2021,1611619200.0,
alibestsale.com,alibestsale.com,01-nov-2021,1635724800.0,
alibestsale.com,alibestsale.com,01-nov-2021,1635724800.0,
aliclonepro.xyz,aliclonepro.xyz,17-jun-2021,1623888000.0,
aliclonepro.xyz,aliclonepro.xyz,17-jun-2021,1623888000.0,
aliecspres.com,aliecspres.com,30-oct-2021,1635552000.0,
aliecspres.com,aliecspres.com,30-oct-2021,1635552000.0,
alif-ba-ta.com,alif-ba-ta.com,09-oct-2021,1633737600.0,
alif-ba-ta.com,alif-ba-ta.com,09-oct-2021,1633737600.0,
alisatilsner.com,alisatilsner.com,13-aug-2021,1628812800.0,
alisatilsner.com,alisatilsner.com,13-aug-2021,1628812800.0,
alive-ua.com,alive-ua.com,06-sep-2021,1630886400.0,
alive-ua.com,alive-ua.com,06-sep-2021,1630886400.0,
aljassarengineering.com,aljassarengineering.com,22-sep-2021,1632268800.0,
aljassarengineering.com,aljassarengineering.com,22-sep-2021,1632268800.0,
all4invest.info,all4invest.info,24-sep-2021,1632441600.0,
all4invest.info,all4invest.info,24-sep-2021,1632441600.0,
all4wap.ru,all4wap.ru,21-apr-2021,1618963200.0,
all4wap.ru,all4wap.ru,21-apr-2021,1618963200.0,
allamericanmadetoys.com,allamericanmadetoys.com,19-nov-2021,1637280000.0,
allamericanmadetoys.com,allamericanmadetoys.com,19-nov-2021,1637280000.0,
allanimehentai.com,allanimehentai.com,12-mar-2021,1615507200.0,
allanimehentai.com,allanimehentai.com,12-mar-2021,1615507200.0,
allbestpantyhose.com,allbestpantyhose.com,27-jan-2021,1611705600.0,
allbestpantyhose.com,allbestpantyhose.com,27-jan-2021,1611705600.0,
allcredits.su,allcredits.su,06-nov-2021,1636156800.0,
allcredits.su,allcredits.su,06-nov-2021,1636156800.0,
allergiques.com,allergiques.com,19-mar-2021,1616112000.0,
allergiques.com,allergiques.com,19-mar-2021,1616112000.0,
allergycenter.info,allergycenter.info,09-sep-2021,1631145600.0,
allergycenter.info,allergycenter.info,09-sep-2021,1631145600.0,
allo-sexe.com,allo-sexe.com,16-jan-2021,1610755200.0,
allo-sexe.com,allo-sexe.com,16-jan-2021,1610755200.0,
allo-sexe.net,allo-sexe.net,16-jan-2021,1610755200.0,
allo-sexe.net,allo-sexe.net,16-jan-2021,1610755200.0,
allornamenti.com,allornamenti.com,12-mar-2021,1615507200.0,
allornamenti.com,allornamenti.com,12-mar-2021,1615507200.0,
alloysteel.ru,alloysteel.ru,07-sep-2021,1630972800.0,
alloysteel.ru,alloysteel.ru,07-sep-2021,1630972800.0,
allpdfmags.net,allpdfmags.net,28-nov-2021,1638057600.0,
allpdfmags.net,allpdfmags.net,28-nov-2021,1638057600.0,
allpornauditions.com,allpornauditions.com,03-oct-2021,1633219200.0,
allpornauditions.com,allpornauditions.com,03-oct-2021,1633219200.0,
amanda-porn.ga,amanda-porn.ga,17-apr-2025,1744848000.0,
amanda-porn.ga,amanda-porn.ga,17-apr-2025,1744848000.0,
amateursconvert.com,amateursconvert.com,28-feb-2021,1614470400.0,
amateursconvert.com,amateursconvert.com,28-feb-2021,1614470400.0,
amateursexplace.com,amateursexplace.com,16-feb-2021,1613433600.0,
amateursexplace.com,amateursexplace.com,16-feb-2021,1613433600.0,
amateurspain.com,amateurspain.com,05-nov-2021,1636070400.0,
amateurspain.com,amateurspain.com,05-nov-2021,1636070400.0,
amateurtour.biz,amateurtour.biz,05-apr-2021,1617580800.0,
amateurtour.biz,amateurtour.biz,05-apr-2021,1617580800.0,
amateurwifevids.com,amateurwifevids.com,21-feb-2021,1613865600.0,
amateurwifevids.com,amateurwifevids.com,21-feb-2021,1613865600.0,
amatrice-partouzeuse.com,amatrice-partouzeuse.com,22-nov-2021,1637539200.0,
amatrice-partouzeuse.com,amatrice-partouzeuse.com,22-nov-2021,1637539200.0,
amatrices-sexy.fr,amatrices-sexy.fr,08-oct-2021,1633651200.0,
amatrices-sexy.fr,amatrices-sexy.fr,08-oct-2021,1633651200.0,
amorepaixaomensagens.com.br,amorepaixaomensagens.com.br,01-apr-2021,1617235200.0,
amorepaixaomensagens.com.br,amorepaixaomensagens.com.br,01-apr-2021,1617235200.0,
ampower.me,ampower.me,05-nov-2021,1636070400.0,
ampower.me,ampower.me,05-nov-2021,1636070400.0,
amt-k.ru,amt-k.ru,06-mar-2021,1614988800.0,
amt-k.ru,amt-k.ru,06-mar-2021,1614988800.0,
amung.us,amung.us,17-mar-2022,1647475200.0,
amung.us,amung.us,17-mar-2022,1647475200.0,
amwatching.com,amwatching.com,20-sep-2022,1663632000.0,
amwatching.com,amwatching.com,20-sep-2022,1663632000.0,
an-donut.com,an-donut.com,19-dec-2021,1639872000.0,
an-donut.com,an-donut.com,19-dec-2021,1639872000.0,
anal-acrobats.com,anal-acrobats.com,04-mar-2021,1614816000.0,
anal-acrobats.com,anal-acrobats.com,04-mar-2021,1614816000.0,
anal-et-sodomie.com,anal-et-sodomie.com,24-oct-2021,1635033600.0,
anal-et-sodomie.com,anal-et-sodomie.com,24-oct-2021,1635033600.0,
anal-intentions.com,anal-intentions.com,27-feb-2021,1614384000.0,
anal-intentions.com,anal-intentions.com,27-feb-2021,1614384000.0,
anal-love.net,anal-love.net,18-jan-2021,1610928000.0,
anal-love.net,anal-love.net,18-jan-2021,1610928000.0,
anal-videos-photos.com,anal-videos-photos.com,22-feb-2021,1613952000.0,
anal-videos-photos.com,anal-videos-photos.com,22-feb-2021,1613952000.0,
anal.cx,anal.cx,15-oct-2022,1665792000.0,
anal.cx,anal.cx,15-oct-2022,1665792000.0,
analpics.net,analpics.net,01-oct-2021,1633046400.0,
analpics.net,analpics.net,01-oct-2021,1633046400.0,
analsexhard.com,analsexhard.com,10-mar-2021,1615334400.0,
analsexhard.com,analsexhard.com,10-mar-2021,1615334400.0,
ananashotel.com,ananashotel.com,08-aug-2021,1628380800.0,
ananashotel.com,ananashotel.com,08-aug-2021,1628380800.0,
anatomytrains.co.uk,anatomytrains.co.uk,28-nov-2022,1669593600.0,
anatomytrains.co.uk,anatomytrains.co.uk,28-nov-2022,1669593600.0,
anbstudios.com,anbstudios.com,25-jan-2021,1611532800.0,
anbstudios.com,anbstudios.com,25-jan-2021,1611532800.0,
anchorpoint.co.za,anchorpoint.co.za,10-feb-2021,1612915200.0,
anchorpoint.co.za,anchorpoint.co.za,10-feb-2021,1612915200.0,
andersondiamonds.com,andersondiamonds.com,14-jul-2021,1626220800.0,
andersondiamonds.com,andersondiamonds.com,14-jul-2021,1626220800.0,
andrewrobertsllc.info,andrewrobertsllc.info,04-nov-2023,1699056000.0,
andrewrobertsllc.info,andrewrobertsllc.info,04-nov-2023,1699056000.0,
android-style.com,android-style.com,26-jan-2021,1611619200.0,
android-style.com,android-style.com,26-jan-2021,1611619200.0,
anduongjsc.com,anduongjsc.com,02-apr-2021,1617321600.0,
anduongjsc.com,anduongjsc.com,02-apr-2021,1617321600.0,
andydill.com,andydill.com,05-dec-2021,1638662400.0,
andydill.com,andydill.com,05-dec-2021,1638662400.0,
anews.cc,anews.cc,12-mar-2021,1615507200.0,
anews.cc,anews.cc,12-mar-2021,1615507200.0,
anewyoufitness.com,anewyoufitness.com,12-jul-2021,1626048000.0,
anewyoufitness.com,anewyoufitness.com,12-jul-2021,1626048000.0,
angelalittle.net,angelalittle.net,31-jul-2021,1627689600.0,
angelalittle.net,angelalittle.net,31-jul-2021,1627689600.0,
angelas-place.com,angelas-place.com,02-jun-2021,1622592000.0,
angelas-place.com,angelas-place.com,02-jun-2021,1622592000.0,
angelbetting.com,angelbetting.com,08-dec-2021,1638921600.0,
angelbetting.com,angelbetting.com,08-dec-2021,1638921600.0,
angelinfo.com,angelinfo.com,09-oct-2021,1633737600.0,
angelinfo.com,angelinfo.com,09-oct-2021,1633737600.0,
animadulte.com,animadulte.com,26-dec-2021,1640476800.0,
animadulte.com,animadulte.com,26-dec-2021,1640476800.0,
animal36.com,animal36.com,07-mar-2021,1615075200.0,
animal36.com,animal36.com,07-mar-2021,1615075200.0,
animalcum.net,animalcum.net,07-jul-2021,1625616000.0,
animalcum.net,animalcum.net,07-jul-2021,1625616000.0,
answerzones.com,answerzones.com,01-apr-2021,1617235200.0,
answerzones.com,answerzones.com,01-apr-2021,1617235200.0,
antcompany.com,antcompany.com,18-mar-2021,1616025600.0,
antcompany.com,antcompany.com,18-mar-2021,1616025600.0,
anticodistretto.com,anticodistretto.com,09-may-2021,1620518400.0,
anticodistretto.com,anticodistretto.com,09-may-2021,1620518400.0,
apepix.com,apepix.com,16-oct-2023,1697414400.0,
apepix.com,apepix.com,16-oct-2023,1697414400.0,
appyaviator.com,appyaviator.com,08-feb-2021,1612742400.0,
appyaviator.com,appyaviator.com,08-feb-2021,1612742400.0,
arrowtravel.net,arrowtravel.net,21-jun-2021,1624233600.0,
arrowtravel.net,arrowtravel.net,21-jun-2021,1624233600.0,
asdawest.com,asdawest.com,25-sep-2022,1664064000.0,
asdawest.com,asdawest.com,25-sep-2022,1664064000.0,
ashlynnbrookevideos.com,ashlynnbrookevideos.com,16-sep-2021,1631750400.0,
ashlynnbrookevideos.com,ashlynnbrookevideos.com,16-sep-2021,1631750400.0,
avitocars.ru,avitocars.ru,24-nov-2021,1637712000.0,
avitocars.ru,avitocars.ru,24-nov-2021,1637712000.0,
avixxx.com,avixxx.com,15-dec-2021,1639526400.0,
avixxx.com,avixxx.com,15-dec-2021,1639526400.0,
avkzarabotok.info,avkzarabotok.info,17-feb-2021,1613520000.0,
avkzarabotok.info,avkzarabotok.info,17-feb-2021,1613520000.0,
avoidaroid.com,avoidaroid.com,29-nov-2021,1638144000.0,
avoidaroid.com,avoidaroid.com,29-nov-2021,1638144000.0,
avoidfilter.net,avoidfilter.net,23-mar-2021,1616457600.0,
avoidfilter.net,avoidfilter.net,23-mar-2021,1616457600.0,
avon-ukraine.com,avon-ukraine.com,21-jan-2021,1611187200.0,
avon-ukraine.com,avon-ukraine.com,21-jan-2021,1611187200.0,
avpayments.com,avpayments.com,08-oct-2021,1633651200.0,
avpayments.com,avpayments.com,08-oct-2021,1633651200.0,
avramstroy.ru,avramstroy.ru,05-feb-2021,1612483200.0,
avramstroy.ru,avramstroy.ru,05-feb-2021,1612483200.0,
babylyst.com,babylyst.com,18-jul-2021,1626566400.0,
babylyst.com,babylyst.com,18-jul-2021,1626566400.0,
babywantsbling.com,babywantsbling.com,16-may-2021,1621123200.0,
babywantsbling.com,babywantsbling.com,16-may-2021,1621123200.0,
back.dog,back.dog,22-sep-2021,1632268800.0,
back.dog,back.dog,22-sep-2021,1632268800.0,
backalleyblowjobs.com,backalleyblowjobs.com,08-dec-2021,1638921600.0,
backalleyblowjobs.com,backalleyblowjobs.com,08-dec-2021,1638921600.0,
backgroundpictures.net,backgroundpictures.net,17-nov-2021,1637107200.0,
backgroundpictures.net,backgroundpictures.net,17-nov-2021,1637107200.0,
backlink4u.net,backlink4u.net,09-oct-2021,1633737600.0,
backlink4u.net,backlink4u.net,09-oct-2021,1633737600.0,
backlinkwatch.com,backlinkwatch.com,02-may-2021,1619913600.0,
backlinkwatch.com,backlinkwatch.com,02-may-2021,1619913600.0,
backofficellc.com,backofficellc.com,17-feb-2021,1613520000.0,
backofficellc.com,backofficellc.com,17-feb-2021,1613520000.0,
backonline.info,backonline.info,11-mar-2021,1615420800.0,
backonline.info,backonline.info,11-mar-2021,1615420800.0,
backpaininstantrelief.com,backpaininstantrelief.com,27-jul-2021,1627344000.0,
backpaininstantrelief.com,backpaininstantrelief.com,27-jul-2021,1627344000.0,
bagsonsale.online,bagsonsale.online,28-jan-2021,1611792000.0,
bagsonsale.online,bagsonsale.online,28-jan-2021,1611792000.0,
baouch.com,baouch.com,10-nov-2022,1668038400.0,
baouch.com,baouch.com,10-nov-2022,1668038400.0,
beamfall.info,beamfall.info,18-mar-2021,1616025600.0,
beamfall.info,beamfall.info,18-mar-2021,1616025600.0,
bet365.com,bet365.com,04-aug-2025,1754265600.0,
bet365.com,bet365.com,04-aug-2025,1754265600.0,
bharatdefencekavach.com,bharatdefencekavach.com,01-feb-2021,1612137600.0,
bharatdefencekavach.com,bharatdefencekavach.com,01-feb-2021,1612137600.0,
bier.win,bier.win,12-oct-2021,1633996800.0,
bier.win,bier.win,12-oct-2021,1633996800.0,
blackle.com,blackle.com,24-jan-2026,1769212800.0,
blackle.com,blackle.com,24-jan-2026,1769212800.0,
boobz.tv,boobz.tv,05-nov-2022,1667606400.0,
boobz.tv,boobz.tv,05-nov-2022,1667606400.0,
bookmaker-bet.com,bookmaker-bet.com,25-aug-2021,1629849600.0,
bookmaker-bet.com,bookmaker-bet.com,25-aug-2021,1629849600.0,
buzzsumo.com,buzzsumo.com,17-sep-2027,1821139200.0,
buzzsumo.com,buzzsumo.com,17-sep-2027,1821139200.0,
byk49187.com,byk49187.com,14-jul-2021,1626220800.0,
byk49187.com,byk49187.com,14-jul-2021,1626220800.0,
carloans.com,carloans.com,18-nov-2024,1731888000.0,
carloans.com,carloans.com,18-nov-2024,1731888000.0,
chinese.ws,chinese.ws,01-jan-2099,4070908800.0,
chinese.ws,chinese.ws,01-jan-2099,4070908800.0,
cialismed.com,cialismed.com,15-aug-2021,1628985600.0,
cialismed.com,cialismed.com,15-aug-2021,1628985600.0,
cialiswithoutadoctor.net,cialiswithoutadoctor.net,06-jun-2021,1622937600.0,
cialiswithoutadoctor.net,cialiswithoutadoctor.net,06-jun-2021,1622937600.0,
ciceklioglu.com,ciceklioglu.com,21-nov-2022,1668988800.0,
ciceklioglu.com,ciceklioglu.com,21-nov-2022,1668988800.0,
cienum.fr,cienum.fr,21-nov-2021,1637452800.0,
cienum.fr,cienum.fr,21-nov-2021,1637452800.0,
cigar.pt,cigar.pt,01-aug-2021,1627776000.0,
cigar.pt,cigar.pt,01-aug-2021,1627776000.0,
cigarette-online.com,cigarette-online.com,31-may-2021,1622419200.0,
cigarette-online.com,cigarette-online.com,31-may-2021,1622419200.0,
cinedaily.com,cinedaily.com,29-jun-2021,1624924800.0,
cinedaily.com,cinedaily.com,29-jun-2021,1624924800.0,
cineface.com,cineface.com,18-jul-2021,1626566400.0,
cineface.com,cineface.com,18-jul-2021,1626566400.0,
cinema3satu.com,cinema3satu.com,31-oct-2021,1635638400.0,
cinema3satu.com,cinema3satu.com,31-oct-2021,1635638400.0,
cinemabio.com,cinemabio.com,26-jan-2021,1611619200.0,
cinemabio.com,cinemabio.com,26-jan-2021,1611619200.0,
cinematraffic.com,cinematraffic.com,04-dec-2021,1638576000.0,
cinematraffic.com,cinematraffic.com,04-dec-2021,1638576000.0,
cinepornox.com,cinepornox.com,03-oct-2021,1633219200.0,
cinepornox.com,cinepornox.com,03-oct-2021,1633219200.0,
cinepro.com,cinepro.com,02-jun-2021,1622592000.0,
cinepro.com,cinepro.com,02-jun-2021,1622592000.0,
cingualr.com,cingualr.com,14-feb-2021,1613260800.0,
cingualr.com,cingualr.com,14-feb-2021,1613260800.0,
collegerentals.com,collegerentals.com,14-may-2021,1620950400.0,
collegerentals.com,collegerentals.com,14-may-2021,1620950400.0,
com-reports.com,com-reports.com,30-sep-2021,1632960000.0,
com-reports.com,com-reports.com,30-sep-2021,1632960000.0,
communisave.co.za,communisave.co.za,06-jul-2021,1625529600.0,
communisave.co.za,communisave.co.za,06-jul-2021,1625529600.0,
communitypetclinicmanteca.com,communitypetclinicmanteca.com,29-jul-2021,1627516800.0,
communitypetclinicmanteca.com,communitypetclinicmanteca.com,29-jul-2021,1627516800.0,
companies-catalog.com,companies-catalog.com,31-may-2021,1622419200.0,
companies-catalog.com,companies-catalog.com,31-may-2021,1622419200.0,
compassenergyservices.com,compassenergyservices.com,24-jan-2024,1706054400.0,
compassenergyservices.com,compassenergyservices.com,24-jan-2024,1706054400.0,
compitte.com,compitte.com,09-nov-2021,1636416000.0,
compitte.com,compitte.com,09-nov-2021,1636416000.0,
compositefarming.com,compositefarming.com,17-may-2021,1621209600.0,
compositefarming.com,compositefarming.com,17-may-2021,1621209600.0,
comprafacil.com.br,comprafacil.com.br,19-oct-2022,1666137600.0,
comprafacil.com.br,comprafacil.com.br,19-oct-2022,1666137600.0,
compucelunlock.net,compucelunlock.net,22-may-2021,1621641600.0,
compucelunlock.net,compucelunlock.net,22-may-2021,1621641600.0,
computernetworksonline.com,computernetworksonline.com,10-oct-2021,1633824000.0,
computernetworksonline.com,computernetworksonline.com,10-oct-2021,1633824000.0,
comsalud360.com,comsalud360.com,21-oct-2021,1634774400.0,
comsalud360.com,comsalud360.com,21-oct-2021,1634774400.0,
comsprague.com,comsprague.com,08-may-2021,1620432000.0,
comsprague.com,comsprague.com,08-may-2021,1620432000.0,
comsysnet.com,comsysnet.com,10-oct-2021,1633824000.0,
comsysnet.com,comsysnet.com,10-oct-2021,1633824000.0,
constructionskills.in,constructionskills.in,17-feb-2021,1613520000.0,
constructionskills.in,constructionskills.in,17-feb-2021,1613520000.0,
construfuturo.com.mx,construfuturo.com.mx,23-sep-2021,1632355200.0,
construfuturo.com.mx,construfuturo.com.mx,23-sep-2021,1632355200.0,
construmac.com.mx,construmac.com.mx,17-sep-2021,1631836800.0,
construmac.com.mx,construmac.com.mx,17-sep-2021,1631836800.0,
consultant-online.ru,consultant-online.ru,24-may-2021,1621814400.0,
consultant-online.ru,consultant-online.ru,24-may-2021,1621814400.0,
contactos-gay.com,contactos-gay.com,14-feb-2021,1613260800.0,
contactos-gay.com,contactos-gay.com,14-feb-2021,1613260800.0,
contextualyield.com,contextualyield.com,30-aug-2021,1630281600.0,
contextualyield.com,contextualyield.com,30-aug-2021,1630281600.0,
convertwordtoexcel.com,convertwordtoexcel.com,06-sep-2021,1630886400.0,
convertwordtoexcel.com,convertwordtoexcel.com,06-sep-2021,1630886400.0,
coocomall.com,coocomall.com,19-jul-2021,1626652800.0,
coocomall.com,coocomall.com,19-jul-2021,1626652800.0,
cookevegas.com,cookevegas.com,20-jan-2021,1611100800.0,
cookevegas.com,cookevegas.com,20-jan-2021,1611100800.0,
cookingmeat.ru,cookingmeat.ru,03-may-2021,1620000000.0,
cookingmeat.ru,cookingmeat.ru,03-may-2021,1620000000.0,
cooknfit.com,cooknfit.com,27-nov-2021,1637971200.0,
cooknfit.com,cooknfit.com,27-nov-2021,1637971200.0,
coolemailnames.com,coolemailnames.com,09-apr-2021,1617926400.0,
coolemailnames.com,coolemailnames.com,09-apr-2021,1617926400.0,
copblock.org,copblock.org,18-feb-2025,1739836800.0,
copblock.org,copblock.org,18-feb-2025,1739836800.0,
copyprintduplicate.com,copyprintduplicate.com,13-feb-2021,1613174400.0,
copyprintduplicate.com,copyprintduplicate.com,13-feb-2021,1613174400.0,
crchaudhary.com,crchaudhary.com,13-jun-2021,1623542400.0,
crchaudhary.com,crchaudhary.com,13-jun-2021,1623542400.0,
creativationshow.com,creativationshow.com,10-may-2021,1620604800.0,
creativationshow.com,creativationshow.com,10-may-2021,1620604800.0,
creativehutindia.com,creativehutindia.com,03-may-2021,1620000000.0,
creativehutindia.com,creativehutindia.com,03-may-2021,1620000000.0,
creativemindhacks.com,creativemindhacks.com,04-jan-2022,1641254400.0,
creativemindhacks.com,creativemindhacks.com,04-jan-2022,1641254400.0,
creativeteam.it,creativeteam.it,13-apr-2021,1618272000.0,
creativeteam.it,creativeteam.it,13-apr-2021,1618272000.0,
crystalslot.com,crystalslot.com,13-oct-2028,1855008000.0,
crystalslot.com,crystalslot.com,13-oct-2028,1855008000.0,
cs-gra.pl,cs-gra.pl,16-oct-2021,1634342400.0,
cs-gra.pl,cs-gra.pl,16-oct-2021,1634342400.0,
cs1g.com,cs1g.com,04-jun-2021,1622764800.0,
cs1g.com,cs1g.com,04-jun-2021,1622764800.0,
cs6hm.com,cs6hm.com,26-feb-2021,1614297600.0,
cs6hm.com,cs6hm.com,26-feb-2021,1614297600.0,
csgo-jackpot.net,csgo-jackpot.net,28-feb-2021,1614470400.0,
csgo-jackpot.net,csgo-jackpot.net,28-feb-2021,1614470400.0,
csgoezknife.com,csgoezknife.com,28-nov-2021,1638057600.0,
csgoezknife.com,csgoezknife.com,28-nov-2021,1638057600.0,
csk.ru,csk.ru,01-jun-2021,1622505600.0,
csk.ru,csk.ru,01-jun-2021,1622505600.0,
csk2014.info,csk2014.info,10-feb-2021,1612915200.0,
csk2014.info,csk2014.info,10-feb-2021,1612915200.0,
cstrespsurvey.ca,cstrespsurvey.ca,15-jun-2021,1623715200.0,
cstrespsurvey.ca,cstrespsurvey.ca,15-jun-2021,1623715200.0,
cupday.com,cupday.com,29-sep-2025,1759104000.0,
cupday.com,cupday.com,29-sep-2025,1759104000.0,
cwpaving.com,cwpaving.com,26-nov-2025,1764115200.0,
cwpaving.com,cwpaving.com,26-nov-2025,1764115200.0,
cyprusbuyproperties.com,cyprusbuyproperties.com,04-sep-2024,1725408000.0,
cyprusbuyproperties.com,cyprusbuyproperties.com,04-sep-2024,1725408000.0,
cztbhd.cn,cztbhd.cn,31-jan-2021,1612051200.0,
cztbhd.cn,cztbhd.cn,31-jan-2021,1612051200.0,
d2jsp.org,d2jsp.org,19-oct-2022,1666137600.0,
d2jsp.org,d2jsp.org,19-oct-2022,1666137600.0,
danabazar.com,danabazar.com,05-nov-2022,1667606400.0,
danabazar.com,danabazar.com,05-nov-2022,1667606400.0,
demenageur.com,demenageur.com,26-feb-2022,1645833600.0,
demenageur.com,demenageur.com,26-feb-2022,1645833600.0,
demisuganda.org,demisuganda.org,28-jun-2021,1624838400.0,
demisuganda.org,demisuganda.org,28-jun-2021,1624838400.0,
depositfiles-porn.ga,depositfiles-porn.ga,17-apr-2025,1744848000.0,
depositfiles-porn.ga,depositfiles-porn.ga,17-apr-2025,1744848000.0,
dicksland.com,dicksland.com,26-dec-2021,1640476800.0,
dicksland.com,dicksland.com,26-dec-2021,1640476800.0,
djstools.com,djstools.com,15-mar-2021,1615766400.0,
djstools.com,djstools.com,15-mar-2021,1615766400.0,
docstoc.com,docstoc.com,17-nov-2021,1637107200.0,
docstoc.com,docstoc.com,17-nov-2021,1637107200.0,
doctorbr.com,doctorbr.com,01-feb-2021,1612137600.0,
doctorbr.com,doctorbr.com,01-feb-2021,1612137600.0,
dreamoutloud.biz,dreamoutloud.biz,21-jan-2021,1611187200.0,
dreamoutloud.biz,dreamoutloud.biz,21-jan-2021,1611187200.0,
dreamyat.com,dreamyat.com,12-dec-2027,1828569600.0,
dreamyat.com,dreamyat.com,12-dec-2027,1828569600.0,
earthequipments.com,earthequipments.com,18-mar-2021,1616025600.0,
earthequipments.com,earthequipments.com,18-mar-2021,1616025600.0,
eas-seo.com,eas-seo.com,08-sep-2022,1662595200.0,
eas-seo.com,eas-seo.com,08-sep-2022,1662595200.0,
ecarecosmetics.com,ecarecosmetics.com,30-oct-2023,1698624000.0,
ecarecosmetics.com,ecarecosmetics.com,30-oct-2023,1698624000.0,
ekraft.org,ekraft.org,15-nov-2021,1636934400.0,
ekraft.org,ekraft.org,15-nov-2021,1636934400.0,
eladkarako.com,eladkarako.com,19-nov-2021,1637280000.0,
eladkarako.com,eladkarako.com,19-nov-2021,1637280000.0,
elitedollars.com,elitedollars.com,24-mar-2021,1616544000.0,
elitedollars.com,elitedollars.com,24-mar-2021,1616544000.0,
ersanpetrol.com.tr,ersanpetrol.com.tr,24-jan-2022,1642982400.0,
ersanpetrol.com.tr,ersanpetrol.com.tr,24-jan-2022,1642982400.0,
esherrugby.com,esherrugby.com,20-jan-2021,1611100800.0,
esherrugby.com,esherrugby.com,20-jan-2021,1611100800.0,
eshop.md,eshop.md,24-sep-2021,1632441600.0,
eshop.md,eshop.md,24-sep-2021,1632441600.0,
espritensemble.com,espritensemble.com,25-sep-2021,1632528000.0,
espritensemble.com,espritensemble.com,25-sep-2021,1632528000.0,
ethan.wang,ethan.wang,31-may-2021,1622419200.0,
ethan.wang,ethan.wang,31-may-2021,1622419200.0,
ethanslayton.com,ethanslayton.com,23-jul-2021,1626998400.0,
ethanslayton.com,ethanslayton.com,23-jul-2021,1626998400.0,
ethnicafrique.com,ethnicafrique.com,22-mar-2021,1616371200.0,
ethnicafrique.com,ethnicafrique.com,22-mar-2021,1616371200.0,
ethnicking.com,ethnicking.com,13-jul-2022,1657670400.0,
ethnicking.com,ethnicking.com,13-jul-2022,1657670400.0,
etisalatebill.net,etisalatebill.net,10-dec-2022,1670630400.0,
etisalatebill.net,etisalatebill.net,10-dec-2022,1670630400.0,
etymonline.co,etymonline.co,26-jan-2021,1611619200.0,
etymonline.co,etymonline.co,26-jan-2021,1611619200.0,
eu-cookie-law.info,eu-cookie-law.info,26-may-2021,1621987200.0,
eu-cookie-law.info,eu-cookie-law.info,26-may-2021,1621987200.0,
eu-survey.com,eu-survey.com,02-feb-2021,1612224000.0,
eu-survey.com,eu-survey.com,02-feb-2021,1612224000.0,
euadoroisso.com.br,euadoroisso.com.br,05-sep-2021,1630800000.0,
euadoroisso.com.br,euadoroisso.com.br,05-sep-2021,1630800000.0,
eupornstar.info,eupornstar.info,29-jul-2021,1627516800.0,
eupornstar.info,eupornstar.info,29-jul-2021,1627516800.0,
euro-option.info,euro-option.info,07-apr-2021,1617753600.0,
euro-option.info,euro-option.info,07-apr-2021,1617753600.0,
eurospanker.com,eurospanker.com,11-oct-2021,1633910400.0,
eurospanker.com,eurospanker.com,11-oct-2021,1633910400.0,
event-tracking.com,event-tracking.com,24-jul-2021,1627084800.0,
event-tracking.com,event-tracking.com,24-jul-2021,1627084800.0,
everestclick.com,everestclick.com,01-may-2021,1619827200.0,
everestclick.com,everestclick.com,01-may-2021,1619827200.0,
every-day.net,every-day.net,12-dec-2021,1639267200.0,
every-day.net,every-day.net,12-dec-2021,1639267200.0,
everytalk.tv,everytalk.tv,29-nov-2021,1638144000.0,
everytalk.tv,everytalk.tv,29-nov-2021,1638144000.0,
everythingisstory.com,everythingisstory.com,01-jul-2021,1625097600.0,
everythingisstory.com,everythingisstory.com,01-jul-2021,1625097600.0,
evesaddictin.com,evesaddictin.com,18-may-2021,1621296000.0,
evesaddictin.com,evesaddictin.com,18-may-2021,1621296000.0,
evidencecleanergold.com,evidencecleanergold.com,24-jan-2021,1611446400.0,
evidencecleanergold.com,evidencecleanergold.com,24-jan-2021,1611446400.0,
evil69.com,evil69.com,28-sep-2021,1632787200.0,
evil69.com,evil69.com,28-sep-2021,1632787200.0,
evile.co.uk,evile.co.uk,07-sep-2021,1630972800.0,
evile.co.uk,evile.co.uk,07-sep-2021,1630972800.0,
evkc.com,evkc.com,21-jun-2021,1624233600.0,
evkc.com,evkc.com,21-jun-2021,1624233600.0,
evogarage.com,evogarage.com,26-feb-2021,1614297600.0,
evogarage.com,evogarage.com,26-feb-2021,1614297600.0,
exhibenfrance.com,exhibenfrance.com,22-nov-2021,1637539200.0,
exhibenfrance.com,exhibenfrance.com,22-nov-2021,1637539200.0,
exhibits4court.com,exhibits4court.com,17-mar-2022,1647475200.0,
exhibits4court.com,exhibits4court.com,17-mar-2022,1647475200.0,
exmasters.com,exmasters.com,01-jun-2022,1654041600.0,
exmasters.com,exmasters.com,01-jun-2022,1654041600.0,
exoclick.com,exoclick.com,01-sep-2024,1725148800.0,
exoclick.com,exoclick.com,01-sep-2024,1725148800.0,
falcoware.com,falcoware.com,31-jul-2022,1659225600.0,
falcoware.com,falcoware.com,31-jul-2022,1659225600.0,
familienzahnaerzte.com,familienzahnaerzte.com,04-may-2021,1620086400.0,
familienzahnaerzte.com,familienzahnaerzte.com,04-may-2021,1620086400.0,
family1st.ca,family1st.ca,01-dec-2021,1638316800.0,
family1st.ca,family1st.ca,01-dec-2021,1638316800.0,
famir.com,famir.com,06-jun-2021,1622937600.0,
famir.com,famir.com,06-jun-2021,1622937600.0,
ferrotodo.com,ferrotodo.com,15-apr-2022,1649980800.0,
ferrotodo.com,ferrotodo.com,15-apr-2022,1649980800.0,
free-gluten.ru,free-gluten.ru,27-jan-2021,1611705600.0,
free-gluten.ru,free-gluten.ru,27-jan-2021,1611705600.0,
free-groupsex.com,free-groupsex.com,02-dec-2021,1638403200.0,
free-groupsex.com,free-groupsex.com,02-dec-2021,1638403200.0,
free-hairy-pussy.net,free-hairy-pussy.net,27-feb-2021,1614384000.0,
free-hairy-pussy.net,free-hairy-pussy.net,27-feb-2021,1614384000.0,
freecamdollars.com,freecamdollars.com,17-jul-2022,1658016000.0,
freecamdollars.com,freecamdollars.com,17-jul-2022,1658016000.0,
freedomart.cz,freedomart.cz,12-jun-2021,1623456000.0,
freedomart.cz,freedomart.cz,12-jun-2021,1623456000.0,
freegayporn.biz,freegayporn.biz,13-sep-2021,1631491200.0,
freegayporn.biz,freegayporn.biz,13-sep-2021,1631491200.0,
freehanbam.net,freehanbam.net,27-apr-2021,1619481600.0,
freehanbam.net,freehanbam.net,27-apr-2021,1619481600.0,
freehealthpoints.com,freehealthpoints.com,20-aug-2021,1629417600.0,
freehealthpoints.com,freehealthpoints.com,20-aug-2021,1629417600.0,
freehomosexual.com,freehomosexual.com,17-sep-2021,1631836800.0,
freehomosexual.com,freehomosexual.com,17-sep-2021,1631836800.0,
freehornygirls.com,freehornygirls.com,09-mar-2021,1615248000.0,
freehornygirls.com,freehornygirls.com,09-mar-2021,1615248000.0,
freehostservers.com,freehostservers.com,17-dec-2021,1639699200.0,
freehostservers.com,freehostservers.com,17-dec-2021,1639699200.0,
freeindiangals.com,freeindiangals.com,22-jan-2021,1611273600.0,
freeindiangals.com,freeindiangals.com,22-jan-2021,1611273600.0,
freelotto.com,freelotto.com,04-nov-2023,1699056000.0,
freelotto.com,freelotto.com,04-nov-2023,1699056000.0,
gamblingnerd.com,gamblingnerd.com,13-aug-2023,1691884800.0,
gamblingnerd.com,gamblingnerd.com,13-aug-2023,1691884800.0,
germes-trans.com,germes-trans.com,05-oct-2022,1664928000.0,
germes-trans.com,germes-trans.com,05-oct-2022,1664928000.0,
getbynow.com,getbynow.com,03-dec-2022,1670025600.0,
getbynow.com,getbynow.com,03-dec-2022,1670025600.0,
girlporn.ru,girlporn.ru,25-dec-2021,1640390400.0,
girlporn.ru,girlporn.ru,25-dec-2021,1640390400.0,
given2.com,given2.com,01-jun-2021,1622505600.0,
given2.com,given2.com,01-jun-2021,1622505600.0,
globusdate.com,globusdate.com,21-oct-2021,1634774400.0,
globusdate.com,globusdate.com,21-oct-2021,1634774400.0,
glopages.ru,glopages.ru,13-oct-2021,1634083200.0,
glopages.ru,glopages.ru,13-oct-2021,1634083200.0,
go-gal.com,go-gal.com,29-apr-2021,1619654400.0,
go-gal.com,go-gal.com,29-apr-2021,1619654400.0,
go.biz,go.biz,05-dec-2021,1638662400.0,
go.biz,go.biz,05-dec-2021,1638662400.0,
goawos.com,goawos.com,02-feb-2021,1612224000.0,
goawos.com,goawos.com,02-feb-2021,1612224000.0,
gobettygo.com,gobettygo.com,04-mar-2021,1614816000.0,
gobettygo.com,gobettygo.com,04-mar-2021,1614816000.0,
gobusinessloan.com,gobusinessloan.com,29-oct-2021,1635465600.0,
gobusinessloan.com,gobusinessloan.com,29-oct-2021,1635465600.0,
goddessvip.com,goddessvip.com,27-oct-2021,1635292800.0,
goddessvip.com,goddessvip.com,27-oct-2021,1635292800.0,
godrix.com,godrix.com,03-nov-2021,1635897600.0,
godrix.com,godrix.com,03-nov-2021,1635897600.0,
godsadvice.com,godsadvice.com,31-jan-2021,1612051200.0,
godsadvice.com,godsadvice.com,31-jan-2021,1612051200.0,
goforexvps.com,goforexvps.com,19-aug-2021,1629331200.0,
goforexvps.com,goforexvps.com,19-aug-2021,1629331200.0,
gofun.info,gofun.info,19-jul-2021,1626652800.0,
gofun.info,gofun.info,19-jul-2021,1626652800.0,
gogps.me,gogps.me,22-jun-2022,1655856000.0,
gogps.me,gogps.me,22-jun-2022,1655856000.0,
gotporn.info,gotporn.info,23-jan-2021,1611360000.0,
gotporn.info,gotporn.info,23-jan-2021,1611360000.0,
gotwebsite1.com,gotwebsite1.com,03-oct-2021,1633219200.0,
gotwebsite1.com,gotwebsite1.com,03-oct-2021,1633219200.0,
grabbersex.com,grabbersex.com,06-mar-2021,1614988800.0,
grabbersex.com,grabbersex.com,06-mar-2021,1614988800.0,
gracecore.com,gracecore.com,09-nov-2023,1699488000.0,
gracecore.com,gracecore.com,09-nov-2023,1699488000.0,
grafit.pl,grafit.pl,26-mar-2021,1616716800.0,
grafit.pl,grafit.pl,26-mar-2021,1616716800.0,
gratis-sexkontakte.com,gratis-sexkontakte.com,19-may-2021,1621382400.0,
gratis-sexkontakte.com,gratis-sexkontakte.com,19-may-2021,1621382400.0,
gratisweb.com,gratisweb.com,20-aug-2021,1629417600.0,
gratisweb.com,gratisweb.com,20-aug-2021,1629417600.0,
gravygirls.com,gravygirls.com,01-dec-2021,1638316800.0,
gravygirls.com,gravygirls.com,01-dec-2021,1638316800.0,
great-comics.com,great-comics.com,23-oct-2021,1634947200.0,
great-comics.com,great-comics.com,23-oct-2021,1634947200.0,
greatamericansexdiet.com,greatamericansexdiet.com,28-sep-2021,1632787200.0,
greatamericansexdiet.com,greatamericansexdiet.com,28-sep-2021,1632787200.0,
greatest-store.com,greatest-store.com,17-oct-2021,1634428800.0,
greatest-store.com,greatest-store.com,17-oct-2021,1634428800.0,
greatfireoflondon.org.uk,greatfireoflondon.org.uk,08-mar-2021,1615161600.0,
greatfireoflondon.org.uk,greatfireoflondon.org.uk,08-mar-2021,1615161600.0,
greatlakessurveillance.com,greatlakessurveillance.com,26-jul-2021,1627257600.0,
greatlakessurveillance.com,greatlakessurveillance.com,26-jul-2021,1627257600.0,
greatpussies.com,greatpussies.com,12-nov-2021,1636675200.0,
greatpussies.com,greatpussies.com,12-nov-2021,1636675200.0,
greatsexcontent.dk,greatsexcontent.dk,31-mar-2021,1617148800.0,
greatsexcontent.dk,greatsexcontent.dk,31-mar-2021,1617148800.0,
greatsimplicity.com,greatsimplicity.com,06-dec-2021,1638748800.0,
greatsimplicity.com,greatsimplicity.com,06-dec-2021,1638748800.0,
gsaranyjanos.ro,gsaranyjanos.ro,14-jun-2023,1686700800.0,
gsaranyjanos.ro,gsaranyjanos.ro,14-jun-2023,1686700800.0,
gxayb.com,gxayb.com,05-jan-2022,1641340800.0,
gxayb.com,gxayb.com,05-jan-2022,1641340800.0,
h-villamotel.com,h-villamotel.com,27-mar-2021,1616803200.0,
h-villamotel.com,h-villamotel.com,27-mar-2021,1616803200.0,
habermetre.com,habermetre.com,19-jan-2024,1705622400.0,
habermetre.com,habermetre.com,19-jan-2024,1705622400.0,
hallohaus.co,hallohaus.co,22-may-2021,1621641600.0,
hallohaus.co,hallohaus.co,22-may-2021,1621641600.0,
hentaiheroes.com,hentaiheroes.com,19-jan-2027,1800316800.0,
hentaiheroes.com,hentaiheroes.com,19-jan-2027,1800316800.0,
highspeed5.net,highspeed5.net,18-mar-2022,1647561600.0,
highspeed5.net,highspeed5.net,18-mar-2022,1647561600.0,
hmuana.com,hmuana.com,29-mar-2021,1616976000.0,
hmuana.com,hmuana.com,29-mar-2021,1616976000.0,
holoam.com,holoam.com,23-oct-2023,1698019200.0,
holoam.com,holoam.com,23-oct-2023,1698019200.0,
hot-voice.com,hot-voice.com,15-jan-2028,1831507200.0,
hot-voice.com,hot-voice.com,15-jan-2028,1831507200.0,
hotmial.com,hotmial.com,04-dec-2024,1733270400.0,
hotmial.com,hotmial.com,04-dec-2024,1733270400.0,
hscsscotland.com,hscsscotland.com,19-jul-2023,1689724800.0,
hscsscotland.com,hscsscotland.com,19-jul-2023,1689724800.0,
huanqiucaijing.cn,huanqiucaijing.cn,17-jul-2023,1689552000.0,
huanqiucaijing.cn,huanqiucaijing.cn,17-jul-2023,1689552000.0,
hubbble.com,hubbble.com,19-jul-2022,1658188800.0,
hubbble.com,hubbble.com,19-jul-2022,1658188800.0,
huge-cocks.biz,huge-cocks.biz,26-apr-2021,1619395200.0,
huge-cocks.biz,huge-cocks.biz,26-apr-2021,1619395200.0,
hugersoft.com,hugersoft.com,04-feb-2021,1612396800.0,
hugersoft.com,hugersoft.com,04-feb-2021,1612396800.0,
hugoparisescort.com,hugoparisescort.com,11-nov-2021,1636588800.0,
hugoparisescort.com,hugoparisescort.com,11-nov-2021,1636588800.0,
hukbo.com,hukbo.com,30-nov-2021,1638230400.0,
hukbo.com,hukbo.com,30-nov-2021,1638230400.0,
humanelydrew.com,humanelydrew.com,19-feb-2021,1613692800.0,
humanelydrew.com,humanelydrew.com,19-feb-2021,1613692800.0,
humraaz.com,humraaz.com,31-jul-2021,1627689600.0,
humraaz.com,humraaz.com,31-jul-2021,1627689600.0,
hundejo.com,hundejo.com,15-jul-2021,1626307200.0,
hundejo.com,hundejo.com,15-jul-2021,1626307200.0,
hungergame.com,hungergame.com,06-apr-2021,1617667200.0,
hungergame.com,hungergame.com,06-apr-2021,1617667200.0,
hunks-hardcore.com,hunks-hardcore.com,05-may-2021,1620172800.0,
hunks-hardcore.com,hunks-hardcore.com,05-may-2021,1620172800.0,
hunks-naked.com,hunks-naked.com,07-may-2021,1620345600.0,
hunks-naked.com,hunks-naked.com,07-may-2021,1620345600.0,
hunt4porn.com,hunt4porn.com,23-oct-2021,1634947200.0,
hunt4porn.com,hunt4porn.com,23-oct-2021,1634947200.0,
hustlervip.net,hustlervip.net,12-oct-2021,1633996800.0,
hustlervip.net,hustlervip.net,12-oct-2021,1633996800.0,
hut1.ru,hut1.ru,07-feb-2021,1612656000.0,
hut1.ru,hut1.ru,07-feb-2021,1612656000.0,
hvd-store.com,hvd-store.com,25-apr-2021,1619308800.0,
hvd-store.com,hvd-store.com,25-apr-2021,1619308800.0,
hy-tec.com,hy-tec.com,19-oct-2021,1634601600.0,
hy-tec.com,hy-tec.com,19-oct-2021,1634601600.0,
hybrid.ru,hybrid.ru,26-may-2021,1621987200.0,
hybrid.ru,hybrid.ru,26-may-2021,1621987200.0,
hydropneuengg.com,hydropneuengg.com,29-nov-2021,1638144000.0,
hydropneuengg.com,hydropneuengg.com,29-nov-2021,1638144000.0,
hydropump.su,hydropump.su,14-apr-2021,1618358400.0,
hydropump.su,hydropump.su,14-apr-2021,1618358400.0,
hygar.com,hygar.com,13-dec-2021,1639353600.0,
hygar.com,hygar.com,13-dec-2021,1639353600.0,
hygromycin-b-50mg-ml-solution.com,hygromycin-b-50mg-ml-solution.com,24-mar-2021,1616544000.0,
hygromycin-b-50mg-ml-solution.com,hygromycin-b-50mg-ml-solution.com,24-mar-2021,1616544000.0,
hyipbrowser.biz,hyipbrowser.biz,25-nov-2021,1637798400.0,
hyipbrowser.biz,hyipbrowser.biz,25-nov-2021,1637798400.0,
hyipmanager.in,hyipmanager.in,03-dec-2021,1638489600.0,
hyipmanager.in,hyipmanager.in,03-dec-2021,1638489600.0,
hyjxtz.com,hyjxtz.com,25-feb-2021,1614211200.0,
hyjxtz.com,hyjxtz.com,25-feb-2021,1614211200.0,
hymen-defloration.info,hymen-defloration.info,10-feb-2021,1612915200.0,
hymen-defloration.info,hymen-defloration.info,10-feb-2021,1612915200.0,
hypnoseterapi.com,hypnoseterapi.com,08-apr-2021,1617840000.0,
hypnoseterapi.com,hypnoseterapi.com,08-apr-2021,1617840000.0,
hypnotone.com,hypnotone.com,20-mar-2021,1616198400.0,
hypnotone.com,hypnotone.com,20-mar-2021,1616198400.0,
hystersister.com,hystersister.com,14-feb-2021,1613260800.0,
hystersister.com,hystersister.com,14-feb-2021,1613260800.0,
hzdoctor.com,hzdoctor.com,22-jan-2021,1611273600.0,
hzdoctor.com,hzdoctor.com,22-jan-2021,1611273600.0,
i-c-c-c.com,i-c-c-c.com,06-mar-2021,1614988800.0,
i-c-c-c.com,i-c-c-c.com,06-mar-2021,1614988800.0,
i-dating.info,i-dating.info,05-jul-2021,1625443200.0,
i-dating.info,i-dating.info,05-jul-2021,1625443200.0,
ichgcp.com,ichgcp.com,12-jul-2021,1626048000.0,
ichgcp.com,ichgcp.com,12-jul-2021,1626048000.0,
icipourtoi.com,icipourtoi.com,18-jan-2021,1610928000.0,
icipourtoi.com,icipourtoi.com,18-jan-2021,1610928000.0,
iclsas.com,iclsas.com,24-may-2022,1653350400.0,
iclsas.com,iclsas.com,24-may-2022,1653350400.0,
ico.re,ico.re,08-sep-2021,1631059200.0,
ico.re,ico.re,08-sep-2021,1631059200.0,
idc.com.ua,idc.com.ua,08-apr-2021,1617840000.0,
idc.com.ua,idc.com.ua,08-apr-2021,1617840000.0,
iddpmiram.org,iddpmiram.org,02-apr-2021,1617321600.0,
iddpmiram.org,iddpmiram.org,02-apr-2021,1617321600.0,
idealtits.net,idealtits.net,16-dec-2021,1639612800.0,
idealtits.net,idealtits.net,16-dec-2021,1639612800.0,
ideawheel.com,ideawheel.com,23-may-2021,1621728000.0,
ideawheel.com,ideawheel.com,23-may-2021,1621728000.0,
idecoideas.com,idecoideas.com,19-jan-2021,1611014400.0,
idecoideas.com,idecoideas.com,19-jan-2021,1611014400.0,
ideibiznesa2015.ru,ideibiznesa2015.ru,01-dec-2021,1638316800.0,
ideibiznesa2015.ru,ideibiznesa2015.ru,01-dec-2021,1638316800.0,
idkom.com,idkom.com,09-sep-2021,1631145600.0,
idkom.com,idkom.com,09-sep-2021,1631145600.0,
ido3.com,ido3.com,07-may-2021,1620345600.0,
ido3.com,ido3.com,07-may-2021,1620345600.0,
idolax.com,idolax.com,02-nov-2021,1635811200.0,
idolax.com,idolax.com,02-nov-2021,1635811200.0,
idolhairsalon.com,idolhairsalon.com,26-sep-2021,1632614400.0,
idolhairsalon.com,idolhairsalon.com,26-sep-2021,1632614400.0,
idolight.net,idolight.net,25-oct-2021,1635120000.0,
idolight.net,idolight.net,25-oct-2021,1635120000.0,
idrct.com,idrct.com,20-sep-2021,1632096000.0,
idrct.com,idrct.com,20-sep-2021,1632096000.0,
idvipteam.com,idvipteam.com,05-may-2021,1620172800.0,
idvipteam.com,idvipteam.com,05-may-2021,1620172800.0,
imageprostyle-communication.fr,imageprostyle-communication.fr,03-apr-2021,1617408000.0,
imageprostyle-communication.fr,imageprostyle-communication.fr,03-apr-2021,1617408000.0,
institutomariadapenha.org.br,institutomariadapenha.org.br,21-jan-2021,1611187200.0,
institutomariadapenha.org.br,institutomariadapenha.org.br,21-jan-2021,1611187200.0,
intermesh.net,intermesh.net,10-jan-2026,1768003200.0,
intermesh.net,intermesh.net,10-jan-2026,1768003200.0,
ionproxy.com,ionproxy.com,21-sep-2023,1695254400.0,
ionproxy.com,ionproxy.com,21-sep-2023,1695254400.0,
iontau.com,iontau.com,13-oct-2021,1634083200.0,
iontau.com,iontau.com,13-oct-2021,1634083200.0,
justos.com,justos.com,31-jan-2021,1612051200.0,
justos.com,justos.com,31-jan-2021,1612051200.0,
kamhan.com,kamhan.com,26-jun-2022,1656201600.0,
kamhan.com,kamhan.com,26-jun-2022,1656201600.0,
kanarya.com,kanarya.com,19-may-2022,1652918400.0,
kanarya.com,kanarya.com,19-may-2022,1652918400.0,
kbthai.com,kbthai.com,05-nov-2022,1667606400.0,
kbthai.com,kbthai.com,05-nov-2022,1667606400.0,
kellnerengenharia.com.br,kellnerengenharia.com.br,12-aug-2021,1628726400.0,
kellnerengenharia.com.br,kellnerengenharia.com.br,12-aug-2021,1628726400.0,
kittyscash.com,kittyscash.com,16-jan-2021,1610755200.0,
kittyscash.com,kittyscash.com,16-jan-2021,1610755200.0,
kochsfarmservice.com,kochsfarmservice.com,24-feb-2022,1645660800.0,
kochsfarmservice.com,kochsfarmservice.com,24-feb-2022,1645660800.0,
kohsarmangla.com,kohsarmangla.com,04-sep-2022,1662249600.0,
kohsarmangla.com,kohsarmangla.com,04-sep-2022,1662249600.0,
kutikomi.net,kutikomi.net,20-oct-2024,1729382400.0,
kutikomi.net,kutikomi.net,20-oct-2024,1729382400.0,
laboratorysafe.com,laboratorysafe.com,04-oct-2027,1822608000.0,
laboratorysafe.com,laboratorysafe.com,04-oct-2027,1822608000.0,
ladsblue.com,ladsblue.com,17-jun-2021,1623888000.0,
ladsblue.com,ladsblue.com,17-jun-2021,1623888000.0,
laparfumotec.com,laparfumotec.com,08-nov-2021,1636329600.0,
laparfumotec.com,laparfumotec.com,08-nov-2021,1636329600.0,
lineavabit.it,lineavabit.it,28-jan-2021,1611792000.0,
lineavabit.it,lineavabit.it,28-jan-2021,1611792000.0,
live1powerlife.com,live1powerlife.com,30-jan-2021,1611964800.0,
live1powerlife.com,live1powerlife.com,30-jan-2021,1611964800.0,
lowcountrytile.com,lowcountrytile.com,12-feb-2027,1802390400.0,
lowcountrytile.com,lowcountrytile.com,12-feb-2027,1802390400.0,
luvamac.com.br,luvamac.com.br,09-may-2024,1715212800.0,
luvamac.com.br,luvamac.com.br,09-may-2024,1715212800.0,
lyrster.com,lyrster.com,31-may-2021,1622419200.0,
lyrster.com,lyrster.com,31-may-2021,1622419200.0,
maincert.com,maincert.com,19-jul-2021,1626652800.0,
maincert.com,maincert.com,19-jul-2021,1626652800.0,
matb3aa.com,matb3aa.com,25-feb-2021,1614211200.0,
matb3aa.com,matb3aa.com,25-feb-2021,1614211200.0,
matureporno.info,matureporno.info,02-dec-2021,1638403200.0,
matureporno.info,matureporno.info,02-dec-2021,1638403200.0,
maxxisproduct.com,maxxisproduct.com,30-jan-2021,1611964800.0,
maxxisproduct.com,maxxisproduct.com,30-jan-2021,1611964800.0,
meendo-free-traffic.ga,meendo-free-traffic.ga,17-apr-2025,1744848000.0,
meendo-free-traffic.ga,meendo-free-traffic.ga,17-apr-2025,1744848000.0,
meltwater.com,meltwater.com,22-feb-2023,1677024000.0,
meltwater.com,meltwater.com,22-feb-2023,1677024000.0,
metaltrades.com,metaltrades.com,15-nov-2021,1636934400.0,
metaltrades.com,metaltrades.com,15-nov-2021,1636934400.0,
mgmforex.com,mgmforex.com,03-may-2024,1714694400.0,
mgmforex.com,mgmforex.com,03-may-2024,1714694400.0,
militarysale.pro,militarysale.pro,21-feb-2023,1676937600.0,
militarysale.pro,militarysale.pro,21-feb-2023,1676937600.0,
millionare.com,millionare.com,21-feb-2021,1613865600.0,
millionare.com,millionare.com,21-feb-2021,1613865600.0,
myblankit.com,myblankit.com,10-feb-2022,1644451200.0,
myblankit.com,myblankit.com,10-feb-2022,1644451200.0,
mydirtyhobby.com,mydirtyhobby.com,28-apr-2021,1619568000.0,
mydirtyhobby.com,mydirtyhobby.com,28-apr-2021,1619568000.0,
myhealthcare.com,myhealthcare.com,11-apr-2022,1649635200.0,
myhealthcare.com,myhealthcare.com,11-apr-2022,1649635200.0,
myiptest.com,myiptest.com,31-oct-2023,1698710400.0,
myiptest.com,myiptest.com,31-oct-2023,1698710400.0,
nomuos.it,nomuos.it,28-jan-2021,1611792000.0,
nomuos.it,nomuos.it,28-jan-2021,1611792000.0,
nonews.co,nonews.co,24-jul-2023,1690156800.0,
nonews.co,nonews.co,24-jul-2023,1690156800.0,
nootrino.com,nootrino.com,22-sep-2027,1821571200.0,
nootrino.com,nootrino.com,22-sep-2027,1821571200.0,
oakridgemo.com,oakridgemo.com,06-jul-2023,1688601600.0,
oakridgemo.com,oakridgemo.com,06-jul-2023,1688601600.0,
onawaylodge.com,onawaylodge.com,31-dec-2021,1640908800.0,
onawaylodge.com,onawaylodge.com,31-dec-2021,1640908800.0,
outpersonals.com,outpersonals.com,17-may-2021,1621209600.0,
outpersonals.com,outpersonals.com,17-may-2021,1621209600.0,
owohho.com,owohho.com,28-jun-2023,1687910400.0,
owohho.com,owohho.com,28-jun-2023,1687910400.0,
paceform.com,paceform.com,24-oct-2025,1761264000.0,
paceform.com,paceform.com,24-oct-2025,1761264000.0,
peelcomms.org,peelcomms.org,10-aug-2021,1628553600.0,
peelcomms.org,peelcomms.org,10-aug-2021,1628553600.0,
pegase-carburant.com,pegase-carburant.com,27-jan-2021,1611705600.0,
pegase-carburant.com,pegase-carburant.com,27-jan-2021,1611705600.0,
picsearch.com,picsearch.com,15-mar-2023,1678838400.0,
picsearch.com,picsearch.com,15-mar-2023,1678838400.0,
pkpinfra.fi,pkpinfra.fi,24-apr-2021,1619222400.0,
pkpinfra.fi,pkpinfra.fi,24-apr-2021,1619222400.0,
play-mp3.com,play-mp3.com,11-mar-2023,1678492800.0,
play-mp3.com,play-mp3.com,11-mar-2023,1678492800.0,
porn-sex-free.com,porn-sex-free.com,22-sep-2021,1632268800.0,
porn-sex-free.com,porn-sex-free.com,22-sep-2021,1632268800.0,
porn-w.org,porn-w.org,29-dec-2027,1830038400.0,
porn-w.org,porn-w.org,29-dec-2027,1830038400.0,
preschooltc.com,preschooltc.com,03-apr-2023,1680480000.0,
preschooltc.com,preschooltc.com,03-apr-2023,1680480000.0,
print-kom.com,print-kom.com,26-jan-2022,1643155200.0,
print-kom.com,print-kom.com,26-jan-2022,1643155200.0,
printdirectforless.com,printdirectforless.com,03-oct-2021,1633219200.0,
printdirectforless.com,printdirectforless.com,03-oct-2021,1633219200.0,
prizesfu74.life,prizesfu74.life,05-feb-2021,1612483200.0,
prizesfu74.life,prizesfu74.life,05-feb-2021,1612483200.0,
promover.org,promover.org,04-nov-2024,1730678400.0,
promover.org,promover.org,04-nov-2024,1730678400.0,
pussysaga.com,pussysaga.com,10-dec-2023,1702166400.0,
pussysaga.com,pussysaga.com,10-dec-2023,1702166400.0,
puteshestvennik.com,puteshestvennik.com,22-jan-2026,1769040000.0,
puteshestvennik.com,puteshestvennik.com,22-jan-2026,1769040000.0,
rapidgator-porn.ga,rapidgator-porn.ga,17-apr-2025,1744848000.0,
rapidgator-porn.ga,rapidgator-porn.ga,17-apr-2025,1744848000.0,
redirectme.net,redirectme.net,10-aug-2021,1628553600.0,
redirectme.net,redirectme.net,10-aug-2021,1628553600.0,
registry-clean-up.net,registry-clean-up.net,15-sep-2021,1631664000.0,
registry-clean-up.net,registry-clean-up.net,15-sep-2021,1631664000.0,
retreatia.com,retreatia.com,12-feb-2023,1676160000.0,
retreatia.com,retreatia.com,12-feb-2023,1676160000.0,
richinvestmonitor.com,richinvestmonitor.com,23-mar-2021,1616457600.0,
richinvestmonitor.com,richinvestmonitor.com,23-mar-2021,1616457600.0,
richsportsmgmt.com,richsportsmgmt.com,13-may-2021,1620864000.0,
richsportsmgmt.com,richsportsmgmt.com,13-may-2021,1620864000.0,
rlgroup.me,rlgroup.me,10-dec-2024,1733788800.0,
rlgroup.me,rlgroup.me,10-dec-2024,1733788800.0,
rockma.se,rockma.se,29-sep-2021,1632873600.0,
rockma.se,rockma.se,29-sep-2021,1632873600.0,
rotgerinc.com,rotgerinc.com,23-mar-2023,1679529600.0,
rotgerinc.com,rotgerinc.com,23-mar-2023,1679529600.0,
samsaracorbett.com,samsaracorbett.com,27-apr-2023,1682553600.0,
samsaracorbett.com,samsaracorbett.com,27-apr-2023,1682553600.0,
sarahswebsite.com,sarahswebsite.com,27-dec-2021,1640563200.0,
sarahswebsite.com,sarahswebsite.com,27-dec-2021,1640563200.0,
sashagreyblog.ga,sashagreyblog.ga,28-jan-2026,1769558400.0,
sashagreyblog.ga,sashagreyblog.ga,28-jan-2026,1769558400.0,
saugatuck.com,saugatuck.com,17-dec-2026,1797465600.0,
saugatuck.com,saugatuck.com,17-dec-2026,1797465600.0,
saveriopiazza.it,saveriopiazza.it,29-jan-2021,1611878400.0,
saveriopiazza.it,saveriopiazza.it,29-jan-2021,1611878400.0,
semp.net,semp.net,08-oct-2022,1665187200.0,
semp.net,semp.net,08-oct-2022,1665187200.0,
sexcandystore.com,sexcandystore.com,31-jan-2023,1675123200.0,
sexcandystore.com,sexcandystore.com,31-jan-2023,1675123200.0,
shijian.ac.cn,shijian.ac.cn,19-nov-2025,1763510400.0,
shijian.ac.cn,shijian.ac.cn,19-nov-2025,1763510400.0,
shodanhq.com,shodanhq.com,18-feb-2026,1771372800.0,
shodanhq.com,shodanhq.com,18-feb-2026,1771372800.0,
simul.co,simul.co,18-nov-2021,1637193600.0,
simul.co,simul.co,18-nov-2021,1637193600.0,
site-analyzer.com,site-analyzer.com,30-mar-2021,1617062400.0,
site-analyzer.com,site-analyzer.com,30-mar-2021,1617062400.0,
smiles.org.il,smiles.org.il,20-oct-2021,1634688000.0,
smiles.org.il,smiles.org.il,20-oct-2021,1634688000.0,
smokesonstate.com,smokesonstate.com,15-feb-2023,1676419200.0,
smokesonstate.com,smokesonstate.com,15-feb-2023,1676419200.0,
snkschool.com,snkschool.com,17-dec-2022,1671235200.0,
snkschool.com,snkschool.com,17-dec-2022,1671235200.0,
spacebridemag.com,spacebridemag.com,27-jun-2021,1624752000.0,
spacebridemag.com,spacebridemag.com,27-jun-2021,1624752000.0,
spl63.fr,spl63.fr,03-aug-2021,1627948800.0,
spl63.fr,spl63.fr,03-aug-2021,1627948800.0,
stadiumcrossing.com,stadiumcrossing.com,31-jan-2023,1675123200.0,
stadiumcrossing.com,stadiumcrossing.com,31-jan-2023,1675123200.0,
stephan.com,stephan.com,16-may-2021,1621123200.0,
stephan.com,stephan.com,16-may-2021,1621123200.0,
stratumnetworks.com,stratumnetworks.com,04-mar-2021,1614816000.0,
stratumnetworks.com,stratumnetworks.com,04-mar-2021,1614816000.0,
swagbucks.com,swagbucks.com,29-oct-2021,1635465600.0,
swagbucks.com,swagbucks.com,29-oct-2021,1635465600.0,
sweeties.ro,sweeties.ro,03-may-2021,1620000000.0,
sweeties.ro,sweeties.ro,03-may-2021,1620000000.0,
takeflyte.com,takeflyte.com,06-jul-2026,1783296000.0,
takeflyte.com,takeflyte.com,06-jul-2026,1783296000.0,
tecnoteakviareggio.it,tecnoteakviareggio.it,29-jan-2021,1611878400.0,
tecnoteakviareggio.it,tecnoteakviareggio.it,29-jan-2021,1611878400.0,
teennova.com,teennova.com,09-nov-2022,1667952000.0,
teennova.com,teennova.com,09-nov-2022,1667952000.0,
thefetishdungeon.com,thefetishdungeon.com,16-sep-2022,1663286400.0,
thefetishdungeon.com,thefetishdungeon.com,16-sep-2022,1663286400.0,
thepeespot.com,thepeespot.com,19-jan-2021,1611014400.0,
thepeespot.com,thepeespot.com,19-jan-2021,1611014400.0,
tivolibasket.it,tivolibasket.it,29-jan-2021,1611878400.0,
tivolibasket.it,tivolibasket.it,29-jan-2021,1611878400.0,
tonivedu.it,tonivedu.it,29-jan-2021,1611878400.0,
tonivedu.it,tonivedu.it,29-jan-2021,1611878400.0,
tooplay.com,tooplay.com,26-may-2021,1621987200.0,
tooplay.com,tooplay.com,26-may-2021,1621987200.0,
torontoplumbinggroup.com,torontoplumbinggroup.com,17-sep-2022,1663372800.0,
torontoplumbinggroup.com,torontoplumbinggroup.com,17-sep-2022,1663372800.0,
torture.ml,torture.ml,17-apr-2025,1744848000.0,
torture.ml,torture.ml,17-apr-2025,1744848000.0,
tourismvictoria.com,tourismvictoria.com,25-feb-2025,1740441600.0,
tourismvictoria.com,tourismvictoria.com,25-feb-2025,1740441600.0,
townhousefilms.com,townhousefilms.com,25-jun-2021,1624579200.0,
townhousefilms.com,townhousefilms.com,25-jun-2021,1624579200.0,
trafficfactory.biz,trafficfactory.biz,30-may-2023,1685404800.0,
trafficfactory.biz,trafficfactory.biz,30-may-2023,1685404800.0,
trafficjunky.com,trafficjunky.com,08-aug-2021,1628380800.0,
trafficjunky.com,trafficjunky.com,08-aug-2021,1628380800.0,
trafficmania.com,trafficmania.com,31-jul-2021,1627689600.0,
trafficmania.com,trafficmania.com,31-jul-2021,1627689600.0,
tsyndicate.com,tsyndicate.com,28-may-2028,1843084800.0,
tsyndicate.com,tsyndicate.com,28-may-2028,1843084800.0,
tube8.com,tube8.com,05-sep-2021,1630800000.0,
tube8.com,tube8.com,05-sep-2021,1630800000.0,
tubo360.com,tubo360.com,28-jan-2023,1674864000.0,
tubo360.com,tubo360.com,28-jan-2023,1674864000.0,
twincitiescarservice.com,twincitiescarservice.com,07-feb-2021,1612656000.0,
twincitiescarservice.com,twincitiescarservice.com,07-feb-2021,1612656000.0,
twittrading.com,twittrading.com,14-aug-2021,1628899200.0,
twittrading.com,twittrading.com,14-aug-2021,1628899200.0,
uktit.com,uktit.com,10-sep-2021,1631232000.0,
uktit.com,uktit.com,10-sep-2021,1631232000.0,
uptime.com,uptime.com,02-jun-2023,1685664000.0,
uptime.com,uptime.com,02-jun-2023,1685664000.0,
uzungil.com,uzungil.com,12-dec-2024,1733961600.0,
uzungil.com,uzungil.com,12-dec-2024,1733961600.0,
viveresaniesnelli.it,viveresaniesnelli.it,29-jan-2021,1611878400.0,
viveresaniesnelli.it,viveresaniesnelli.it,29-jan-2021,1611878400.0,
webmasterhome.cn,webmasterhome.cn,02-sep-2022,1662076800.0,
webmasterhome.cn,webmasterhome.cn,02-sep-2022,1662076800.0,
webs.com,webs.com,05-apr-2021,1617580800.0,
webs.com,webs.com,05-apr-2021,1617580800.0,
webscouter.net,webscouter.net,06-dec-2022,1670284800.0,
webscouter.net,webscouter.net,06-dec-2022,1670284800.0,
wetmessy.com,wetmessy.com,31-dec-2022,1672444800.0,
wetmessy.com,wetmessy.com,31-dec-2022,1672444800.0,
wlgoodfellows.com,wlgoodfellows.com,10-dec-2021,1639094400.0,
wlgoodfellows.com,wlgoodfellows.com,10-dec-2021,1639094400.0,
worldinternetauthority.com,worldinternetauthority.com,31-aug-2023,1693440000.0,
worldinternetauthority.com,worldinternetauthority.com,31-aug-2023,1693440000.0,
x.co,x.co,22-apr-2021,1619049600.0,
x.co,x.co,22-apr-2021,1619049600.0,
xtube.com,xtube.com,03-sep-2021,1630627200.0,
xtube.com,xtube.com,03-sep-2021,1630627200.0,
xxxrus.org,xxxrus.org,08-dec-2026,1796688000.0,
xxxrus.org,xxxrus.org,08-dec-2026,1796688000.0,
xxxz.info,xxxz.info,21-sep-2021,1632182400.0,
xxxz.info,xxxz.info,21-sep-2021,1632182400.0,
yourporn.com,yourporn.com,01-jul-2021,1625097600.0,
yourporn.com,yourporn.com,01-jul-2021,1625097600.0,
yoursite.com,yoursite.com,13-feb-2025,1739404800.0,
yoursite.com,yoursite.com,13-feb-2025,1739404800.0,
youtubologia.it,youtubologia.it,29-jan-2021,1611878400.0,
youtubologia.it,youtubologia.it,29-jan-2021,1611878400.0,
ytmnd.com,ytmnd.com,01-apr-2026,1775001600.0,
ytmnd.com,ytmnd.com,01-apr-2026,1775001600.0,
zeroredirect1.com,zeroredirect1.com,14-jun-2022,1655164800.0,
zeroredirect1.com,zeroredirect1.com,14-jun-2022,1655164800.0,
zeroredirect2.com,zeroredirect2.com,15-feb-2024,1707955200.0,
zeroredirect2.com,zeroredirect2.com,15-feb-2024,1707955200.0,
zirondelli.it,zirondelli.it,29-jan-2021,1611878400.0,
zirondelli.it,zirondelli.it,29-jan-2021,1611878400.0,
zoofiliagratis.biz,zoofiliagratis.biz,25-mar-2021,1616630400.0,
zoofiliagratis.biz,zoofiliagratis.biz,25-mar-2021,1616630400.0,
zootravel.com,zootravel.com,13-may-2023,1683936000.0,
zootravel.com,zootravel.com,13-may-2023,1683936000.0,
1000lashes.com,1000lashes.com,09-jan-2023,1673222400.0,
1000lashes.com,1000lashes.com,09-jan-2023,1673222400.0,
101flag.ru,101flag.ru,01-jan-2022,1640995200.0,
101flag.ru,101flag.ru,01-jan-2022,1640995200.0,
12research.com,12research.com,28-dec-2021,1640649600.0,
12research.com,12research.com,28-dec-2021,1640649600.0,
18hdxxx.com,18hdxxx.com,02-jan-2022,1641081600.0,
18hdxxx.com,18hdxxx.com,02-jan-2022,1641081600.0,
18xtube.com,18xtube.com,31-dec-2021,1640908800.0,
18xtube.com,18xtube.com,31-dec-2021,1640908800.0,
1-free-share-buttons.com,1-free-share-buttons.com,12-jan-2022,1641945600.0,
1-free-share-buttons.com,1-free-share-buttons.com,12-jan-2022,1641945600.0,
22kkkk.com,22kkkk.com,02-jan-2022,1641081600.0,
22kkkk.com,22kkkk.com,02-jan-2022,1641081600.0,
24holdem.com,24holdem.com,27-mar-2021,1616803200.0,
24holdem.com,24holdem.com,27-mar-2021,1616803200.0,
2mj.pl,2mj.pl,04-jan-2022,1641254400.0,
2mj.pl,2mj.pl,04-jan-2022,1641254400.0,
2rich4bitches.com,2rich4bitches.com,11-jan-2022,1641859200.0,
2rich4bitches.com,2rich4bitches.com,11-jan-2022,1641859200.0,
3cloud.net,3cloud.net,03-jan-2022,1641168000.0,
3cloud.net,3cloud.net,03-jan-2022,1641168000.0,
3vig.com,3vig.com,03-jan-2022,1641168000.0,
3vig.com,3vig.com,03-jan-2022,1641168000.0,
69boysex.com,69boysex.com,28-mar-2021,1616889600.0,
69boysex.com,69boysex.com,28-mar-2021,1616889600.0,
8khmer.com,8khmer.com,30-dec-2021,1640822400.0,
8khmer.com,8khmer.com,30-dec-2021,1640822400.0,
a1thumbpost.com,a1thumbpost.com,02-jan-2022,1641081600.0,
a1thumbpost.com,a1thumbpost.com,02-jan-2022,1641081600.0,
aa81bf391151884adfa3dd677e41f94be1.com,aa81bf391151884adfa3dd677e41f94be1.com,27-dec-2021,1640563200.0,
aa81bf391151884adfa3dd677e41f94be1.com,aa81bf391151884adfa3dd677e41f94be1.com,27-dec-2021,1640563200.0,
abacuspresents.com,abacuspresents.com,02-jan-2022,1641081600.0,
abacuspresents.com,abacuspresents.com,02-jan-2022,1641081600.0,
acneforums.com,acneforums.com,01-jan-2022,1640995200.0,
acneforums.com,acneforums.com,01-jan-2022,1640995200.0,
alamosupply.com,alamosupply.com,30-dec-2021,1640822400.0,
alamosupply.com,alamosupply.com,30-dec-2021,1640822400.0,
alamuk.com,alamuk.com,28-dec-2021,1640649600.0,
alamuk.com,alamuk.com,28-dec-2021,1640649600.0,
alessandraleone.com,alessandraleone.com,12-jan-2022,1641945600.0,
alessandraleone.com,alessandraleone.com,12-jan-2022,1641945600.0,
alfapro.ru,alfapro.ru,13-jan-2022,1642032000.0,
alfapro.ru,alfapro.ru,13-jan-2022,1642032000.0,
alirey.com,alirey.com,09-jan-2022,1641686400.0,
alirey.com,alirey.com,09-jan-2022,1641686400.0,
amateursexdvd.com,amateursexdvd.com,07-jan-2022,1641513600.0,
amateursexdvd.com,amateursexdvd.com,07-jan-2022,1641513600.0,
analcreampie.net,analcreampie.net,02-jan-2022,1641081600.0,
analcreampie.net,analcreampie.net,02-jan-2022,1641081600.0,
analdude.com,analdude.com,18-mar-2021,1616025600.0,
analdude.com,analdude.com,18-mar-2021,1616025600.0,
anal-pictures.biz,anal-pictures.biz,29-dec-2021,1640736000.0,
anal-pictures.biz,anal-pictures.biz,29-dec-2021,1640736000.0,
animal-drawings.com,animal-drawings.com,06-jan-2022,1641427200.0,
animal-drawings.com,animal-drawings.com,06-jan-2022,1641427200.0,
anticosm.com,anticosm.com,28-dec-2021,1640649600.0,
anticosm.com,anticosm.com,28-dec-2021,1640649600.0,
avon-severozapad.ru,avon-severozapad.ru,10-jan-2022,1641772800.0,
avon-severozapad.ru,avon-severozapad.ru,10-jan-2022,1641772800.0,
bacanal.cl,bacanal.cl,11-jan-2022,1641859200.0,
bacanal.cl,bacanal.cl,11-jan-2022,1641859200.0,
backvids.com,backvids.com,30-dec-2021,1640822400.0,
backvids.com,backvids.com,30-dec-2021,1640822400.0,
cialisforsalecialiscostcye.com,cialisforsalecialiscostcye.com,05-apr-2021,1617580800.0,
cialisforsalecialiscostcye.com,cialisforsalecialiscostcye.com,05-apr-2021,1617580800.0,
cif.su,cif.su,10-jan-2022,1641772800.0,
cif.su,cif.su,10-jan-2022,1641772800.0,
controlsecurity.net,controlsecurity.net,01-jan-2022,1640995200.0,
controlsecurity.net,controlsecurity.net,01-jan-2022,1640995200.0,
etemis.com,etemis.com,24-mar-2021,1616544000.0,
etemis.com,etemis.com,24-mar-2021,1616544000.0,
everydresses.com,everydresses.com,16-mar-2021,1615852800.0,
everydresses.com,everydresses.com,16-mar-2021,1615852800.0,
globetrotting-culture.ru,globetrotting-culture.ru,04-jan-2022,1641254400.0,
globetrotting-culture.ru,globetrotting-culture.ru,04-jan-2022,1641254400.0,
greatgrace.ru,greatgrace.ru,03-jan-2022,1641168000.0,
greatgrace.ru,greatgrace.ru,03-jan-2022,1641168000.0,
huge-gay-cock.com,huge-gay-cock.com,29-dec-2021,1640736000.0,
huge-gay-cock.com,huge-gay-cock.com,29-dec-2021,1640736000.0,
humorpool.com,humorpool.com,11-jan-2022,1641859200.0,
humorpool.com,humorpool.com,11-jan-2022,1641859200.0,
hunger.xyz,hunger.xyz,05-jan-2022,1641340800.0,
hunger.xyz,hunger.xyz,05-jan-2022,1641340800.0,
nottepad-plus-plus.org,nottepad-plus-plus.org,24-dec-2021,1640304000.0,
nottepad-plus-plus.org,nottepad-plus-plus.org,24-dec-2021,1640304000.0,
prizesforyou.com,prizesforyou.com,05-jan-2022,1641340800.0,
prizesforyou.com,prizesforyou.com,05-jan-2022,1641340800.0,
acmmarketingdigital.com.br,acmmarketingdigital.com.br,12-jan-2022,1641945600.0,
acmmarketingdigital.com.br,acmmarketingdigital.com.br,12-jan-2022,1641945600.0,
foone.com.br,foone.com.br,18-sep-2021,1631923200.0,
foone.com.br,foone.com.br,18-sep-2021,1631923200.0,
86d6.com,86d6.com,23-dec-2022,1671753600.0,
86d6.com,86d6.com,23-dec-2022,1671753600.0,
